2026-05-21 23:44:24.495 - RealTimeSTT: realtimestt - INFO - Starting RealTimeSTT
2026-05-21 23:44:24.516 - RealTimeSTT: realtimestt - INFO - Initializing audio recording (creating pyAudio input stream, sample rate: 16000 buffer size: 512
2026-05-21 23:44:24.523 - RealTimeSTT: realtimestt - INFO - Initializing WebRTC voice with Sensitivity 3
2026-05-21 23:44:24.523 - RealTimeSTT: realtimestt - DEBUG - WebRTC VAD voice activity detection engine initialized successfully
2026-05-21 23:44:24.969 - RealTimeSTT: realtimestt - DEBUG - Silero VAD voice activity detection engine initialized successfully
2026-05-21 23:44:25.139 - RealTimeSTT: realtimestt - DEBUG - Starting realtime worker
2026-05-21 23:44:25.139 - RealTimeSTT: realtimestt - DEBUG - Waiting for main transcription model to start
2026-05-21 23:44:25.139 - RealTimeSTT: realtimestt - DEBUG - Realtime transcription disabled; realtime worker exits
2026-05-21 23:44:32.127 - RealTimeSTT: realtimestt - DEBUG - Main transcription model ready
2026-05-21 23:44:32.127 - RealTimeSTT: realtimestt - DEBUG - RealtimeSTT initialization completed successfully
2026-05-21 23:44:35.581 - RealTimeSTT: realtimestt - INFO - Setting listen time
2026-05-21 23:44:35.581 - RealTimeSTT: realtimestt - INFO - State changed from 'inactive' to 'listening'
2026-05-21 23:44:35.581 - RealTimeSTT: realtimestt - DEBUG - Waiting for recording start
2026-05-21 23:51:50.213 - RealTimeSTT: realtimestt - INFO - KeyboardInterrupt in wait_audio, shutting down
2026-05-21 23:51:50.214 - RealTimeSTT: realtimestt - DEBUG - Finishing recording thread
2026-05-21 23:51:50.229 - RealTimeSTT: realtimestt - DEBUG - Terminating reader process
2026-05-21 23:51:50.751 - RealTimeSTT: realtimestt - DEBUG - Terminating transcription process
2026-05-21 23:51:50.789 - RealTimeSTT: realtimestt - DEBUG - Finishing realtime thread
2026-05-21 23:51:50.844 - RealTimeSTT: realtimestt - INFO - KeyboardInterrupt in text() method
2026-05-21 23:52:29.899 - RealTimeSTT: realtimestt - INFO - Starting RealTimeSTT
2026-05-21 23:52:29.910 - RealTimeSTT: realtimestt - INFO - Initializing audio recording (creating pyAudio input stream, sample rate: 16000 buffer size: 512
2026-05-21 23:52:29.919 - RealTimeSTT: realtimestt - INFO - Initializing WebRTC voice with Sensitivity 3
2026-05-21 23:52:29.919 - RealTimeSTT: realtimestt - DEBUG - WebRTC VAD voice activity detection engine initialized successfully
2026-05-21 23:52:30.477 - RealTimeSTT: realtimestt - DEBUG - Silero VAD voice activity detection engine initialized successfully
2026-05-21 23:52:30.664 - RealTimeSTT: realtimestt - DEBUG - Starting realtime worker
2026-05-21 23:52:30.664 - RealTimeSTT: realtimestt - DEBUG - Realtime transcription disabled; realtime worker exits
2026-05-21 23:52:30.664 - RealTimeSTT: realtimestt - DEBUG - Waiting for main transcription model to start
2026-05-21 23:52:40.964 - RealTimeSTT: realtimestt - DEBUG - Main transcription model ready
2026-05-21 23:52:40.965 - RealTimeSTT: realtimestt - DEBUG - RealtimeSTT initialization completed successfully
2026-05-21 23:52:45.498 - RealTimeSTT: realtimestt - INFO - Setting listen time
2026-05-21 23:52:45.498 - RealTimeSTT: realtimestt - INFO - State changed from 'inactive' to 'listening'
2026-05-21 23:52:45.498 - RealTimeSTT: realtimestt - DEBUG - Waiting for recording start
2026-05-21 23:53:45.364 - RealTimeSTT: realtimestt - INFO - KeyboardInterrupt in wait_audio, shutting down
2026-05-21 23:53:45.364 - RealTimeSTT: realtimestt - DEBUG - Finishing recording thread
2026-05-21 23:53:45.379 - RealTimeSTT: realtimestt - DEBUG - Terminating reader process
2026-05-21 23:53:45.402 - RealTimeSTT: realtimestt - DEBUG - Receive from stdout pipe
2026-05-21 23:53:45.403 - RealTimeSTT: realtimestt - INFO - None
2026-05-21 23:53:45.801 - RealTimeSTT: realtimestt - DEBUG - Terminating transcription process
2026-05-21 23:53:45.891 - RealTimeSTT: realtimestt - DEBUG - Finishing realtime thread
2026-05-21 23:53:45.948 - RealTimeSTT: realtimestt - INFO - KeyboardInterrupt in text() method
2026-05-21 23:53:58.072 - RealTimeSTT: realtimestt - INFO - Starting RealTimeSTT
2026-05-21 23:53:58.083 - RealTimeSTT: realtimestt - INFO - Initializing audio recording (creating pyAudio input stream, sample rate: 16000 buffer size: 512
2026-05-21 23:53:58.090 - RealTimeSTT: realtimestt - INFO - Initializing WebRTC voice with Sensitivity 3
2026-05-21 23:53:58.090 - RealTimeSTT: realtimestt - DEBUG - WebRTC VAD voice activity detection engine initialized successfully
2026-05-21 23:53:58.423 - RealTimeSTT: realtimestt - DEBUG - Silero VAD voice activity detection engine initialized successfully
2026-05-21 23:53:58.527 - RealTimeSTT: realtimestt - DEBUG - Starting realtime worker
2026-05-21 23:53:58.527 - RealTimeSTT: realtimestt - DEBUG - Waiting for main transcription model to start
2026-05-21 23:53:58.527 - RealTimeSTT: realtimestt - DEBUG - Realtime transcription disabled; realtime worker exits
2026-05-21 23:54:04.801 - RealTimeSTT: realtimestt - DEBUG - Main transcription model ready
2026-05-21 23:54:04.801 - RealTimeSTT: realtimestt - DEBUG - RealtimeSTT initialization completed successfully
2026-05-21 23:54:07.607 - RealTimeSTT: realtimestt - INFO - Setting listen time
2026-05-21 23:54:07.607 - RealTimeSTT: realtimestt - INFO - State changed from 'inactive' to 'listening'
2026-05-21 23:54:07.607 - RealTimeSTT: realtimestt - DEBUG - Waiting for recording start
2026-05-21 23:56:07.117 - RealTimeSTT: realtimestt - DEBUG - Receive from stdout pipe
2026-05-21 23:56:07.118 - RealTimeSTT: realtimestt - INFO - KeyboardInterrupt in wait_audio, shutting down
2026-05-21 23:56:07.118 - RealTimeSTT: realtimestt - INFO - None
2026-05-21 23:56:07.118 - RealTimeSTT: realtimestt - DEBUG - Finishing recording thread
2026-05-21 23:56:07.132 - RealTimeSTT: realtimestt - DEBUG - Terminating reader process
2026-05-21 23:56:07.623 - RealTimeSTT: realtimestt - DEBUG - Terminating transcription process
2026-05-21 23:56:07.646 - RealTimeSTT: realtimestt - DEBUG - Finishing realtime thread
2026-05-21 23:56:07.704 - RealTimeSTT: realtimestt - INFO - KeyboardInterrupt in text() method
2026-05-21 23:56:40.291 - RealTimeSTT: realtimestt - INFO - Starting RealTimeSTT
2026-05-21 23:56:40.318 - RealTimeSTT: realtimestt - INFO - Initializing audio recording (creating pyAudio input stream, sample rate: 16000 buffer size: 512
2026-05-21 23:56:40.323 - RealTimeSTT: realtimestt - INFO - Initializing WebRTC voice with Sensitivity 3
2026-05-21 23:56:40.323 - RealTimeSTT: realtimestt - DEBUG - WebRTC VAD voice activity detection engine initialized successfully
2026-05-21 23:56:40.860 - RealTimeSTT: realtimestt - DEBUG - Silero VAD voice activity detection engine initialized successfully
2026-05-21 23:56:40.969 - RealTimeSTT: realtimestt - DEBUG - Starting realtime worker
2026-05-21 23:56:40.969 - RealTimeSTT: realtimestt - DEBUG - Waiting for main transcription model to start
2026-05-21 23:56:40.969 - RealTimeSTT: realtimestt - DEBUG - Realtime transcription disabled; realtime worker exits
2026-05-21 23:56:47.355 - RealTimeSTT: realtimestt - DEBUG - Main transcription model ready
2026-05-21 23:56:47.355 - RealTimeSTT: realtimestt - DEBUG - RealtimeSTT initialization completed successfully
2026-05-21 23:56:52.722 - RealTimeSTT: realtimestt - INFO - Setting listen time
2026-05-21 23:56:52.722 - RealTimeSTT: realtimestt - INFO - State changed from 'inactive' to 'listening'
2026-05-21 23:56:52.722 - RealTimeSTT: realtimestt - DEBUG - Waiting for recording start
2026-05-21 23:56:55.810 - RealTimeSTT: realtimestt - INFO - voice activity detected
2026-05-21 23:56:55.810 - RealTimeSTT: realtimestt - INFO - recording started
2026-05-21 23:56:55.810 - RealTimeSTT: realtimestt - INFO - State changed from 'listening' to 'recording'
2026-05-21 23:56:55.810 - RealTimeSTT: realtimestt - DEBUG - Waiting for recording stop
2026-05-21 23:56:56.997 - RealTimeSTT: realtimestt - INFO - recording stopped
2026-05-21 23:56:56.999 - RealTimeSTT: realtimestt - DEBUG - No samples removed, final audio length: 35840
2026-05-21 23:56:56.999 - RealTimeSTT: realtimestt - INFO - State changed from 'recording' to 'inactive'
2026-05-21 23:56:56.999 - RealTimeSTT: realtimestt - INFO - State changed from 'inactive' to 'transcribing'
2026-05-21 23:56:56.999 - RealTimeSTT: realtimestt - DEBUG - Adding transcription request, no early transcription started
2026-05-21 23:56:57.018 - RealTimeSTT: realtimestt - DEBUG - Receive from parent_transcription_pipe after sendiung transcription request, transcribe_count: 1
2026-05-21 23:56:57.122 - RealTimeSTT: realtimestt - DEBUG - Receive from parent_transcription_pipe after sendiung transcription request, transcribe_count: 1
2026-05-21 23:56:57.233 - RealTimeSTT: realtimestt - DEBUG - Receive from parent_transcription_pipe after sendiung transcription request, transcribe_count: 1
2026-05-21 23:56:57.343 - RealTimeSTT: realtimestt - DEBUG - Receive from parent_transcription_pipe after sendiung transcription request, transcribe_count: 1
2026-05-21 23:56:57.454 - RealTimeSTT: realtimestt - DEBUG - Receive from parent_transcription_pipe after sendiung transcription request, transcribe_count: 1
2026-05-21 23:56:57.565 - RealTimeSTT: realtimestt - DEBUG - Receive from parent_transcription_pipe after sendiung transcription request, transcribe_count: 1
2026-05-21 23:56:57.675 - RealTimeSTT: realtimestt - DEBUG - Receive from parent_transcription_pipe after sendiung transcription request, transcribe_count: 1
2026-05-21 23:56:57.786 - RealTimeSTT: realtimestt - DEBUG - Receive from parent_transcription_pipe after sendiung transcription request, transcribe_count: 1
2026-05-21 23:56:57.897 - RealTimeSTT: realtimestt - DEBUG - Receive from parent_transcription_pipe after sendiung transcription request, transcribe_count: 1
2026-05-21 23:56:58.008 - RealTimeSTT: realtimestt - DEBUG - Receive from parent_transcription_pipe after sendiung transcription request, transcribe_count: 1
2026-05-21 23:56:58.117 - RealTimeSTT: realtimestt - DEBUG - Receive from parent_transcription_pipe after sendiung transcription request, transcribe_count: 1
2026-05-21 23:56:58.226 - RealTimeSTT: realtimestt - DEBUG - Receive from parent_transcription_pipe after sendiung transcription request, transcribe_count: 1
2026-05-21 23:56:58.336 - RealTimeSTT: realtimestt - DEBUG - Receive from parent_transcription_pipe after sendiung transcription request, transcribe_count: 1
2026-05-21 23:56:58.447 - RealTimeSTT: realtimestt - DEBUG - Receive from parent_transcription_pipe after sendiung transcription request, transcribe_count: 1
2026-05-21 23:56:58.557 - RealTimeSTT: realtimestt - DEBUG - Receive from parent_transcription_pipe after sendiung transcription request, transcribe_count: 1
2026-05-21 23:56:58.667 - RealTimeSTT: realtimestt - DEBUG - Receive from parent_transcription_pipe after sendiung transcription request, transcribe_count: 1
2026-05-21 23:56:58.776 - RealTimeSTT: realtimestt - DEBUG - Receive from parent_transcription_pipe after sendiung transcription request, transcribe_count: 1
2026-05-21 23:56:58.885 - RealTimeSTT: realtimestt - DEBUG - Receive from parent_transcription_pipe after sendiung transcription request, transcribe_count: 1
2026-05-21 23:56:58.931 - RealTimeSTT: realtimestt - INFO - voice activity detected
2026-05-21 23:56:58.931 - RealTimeSTT: realtimestt - INFO - recording started
2026-05-21 23:56:58.931 - RealTimeSTT: realtimestt - INFO - State changed from 'transcribing' to 'recording'
2026-05-21 23:56:58.994 - RealTimeSTT: realtimestt - DEBUG - Receive from parent_transcription_pipe after sendiung transcription request, transcribe_count: 1
2026-05-21 23:56:59.104 - RealTimeSTT: realtimestt - DEBUG - Receive from parent_transcription_pipe after sendiung transcription request, transcribe_count: 1
2026-05-21 23:56:59.216 - RealTimeSTT: realtimestt - DEBUG - Receive from parent_transcription_pipe after sendiung transcription request, transcribe_count: 1
2026-05-21 23:56:59.326 - RealTimeSTT: realtimestt - DEBUG - Receive from parent_transcription_pipe after sendiung transcription request, transcribe_count: 1
2026-05-21 23:56:59.438 - RealTimeSTT: realtimestt - DEBUG - Receive from parent_transcription_pipe after sendiung transcription request, transcribe_count: 1
2026-05-21 23:56:59.546 - RealTimeSTT: realtimestt - DEBUG - Receive from parent_transcription_pipe after sendiung transcription request, transcribe_count: 1
2026-05-21 23:56:59.656 - RealTimeSTT: realtimestt - DEBUG - Receive from parent_transcription_pipe after sendiung transcription request, transcribe_count: 1
2026-05-21 23:56:59.766 - RealTimeSTT: realtimestt - DEBUG - Receive from parent_transcription_pipe after sendiung transcription request, transcribe_count: 1
2026-05-21 23:56:59.877 - RealTimeSTT: realtimestt - DEBUG - Receive from parent_transcription_pipe after sendiung transcription request, transcribe_count: 1
2026-05-21 23:56:59.987 - RealTimeSTT: realtimestt - DEBUG - Receive from parent_transcription_pipe after sendiung transcription request, transcribe_count: 1
2026-05-21 23:57:00.097 - RealTimeSTT: realtimestt - DEBUG - Receive from parent_transcription_pipe after sendiung transcription request, transcribe_count: 1
2026-05-21 23:57:00.167 - RealTimeSTT: realtimestt - INFO - State changed from 'recording' to 'inactive'
2026-05-21 23:57:00.168 - RealTimeSTT: realtimestt - DEBUG - Model small completed transcription in 3.17 seconds
2026-05-21 23:57:00.169 - RealTimeSTT: realtimestt - INFO - Setting listen time
2026-05-21 23:57:00.169 - RealTimeSTT: realtimestt - DEBUG - Waiting for recording stop
2026-05-21 23:57:00.534 - RealTimeSTT: realtimestt - INFO - recording stopped
2026-05-21 23:57:00.536 - RealTimeSTT: realtimestt - DEBUG - No samples removed, final audio length: 41984
2026-05-21 23:57:00.536 - RealTimeSTT: realtimestt - INFO - State changed from 'inactive' to 'transcribing'
2026-05-21 23:57:00.536 - RealTimeSTT: realtimestt - DEBUG - Adding transcription request, no early transcription started
2026-05-21 23:57:00.537 - RealTimeSTT: realtimestt - DEBUG - Receive from parent_transcription_pipe after sendiung transcription request, transcribe_count: 1
2026-05-21 23:57:00.644 - RealTimeSTT: realtimestt - DEBUG - Receive from parent_transcription_pipe after sendiung transcription request, transcribe_count: 1
2026-05-21 23:57:00.755 - RealTimeSTT: realtimestt - DEBUG - Receive from parent_transcription_pipe after sendiung transcription request, transcribe_count: 1
2026-05-21 23:57:00.864 - RealTimeSTT: realtimestt - DEBUG - Receive from parent_transcription_pipe after sendiung transcription request, transcribe_count: 1
2026-05-21 23:57:00.975 - RealTimeSTT: realtimestt - DEBUG - Receive from parent_transcription_pipe after sendiung transcription request, transcribe_count: 1
2026-05-21 23:57:01.084 - RealTimeSTT: realtimestt - DEBUG - Receive from parent_transcription_pipe after sendiung transcription request, transcribe_count: 1
2026-05-21 23:57:01.194 - RealTimeSTT: realtimestt - DEBUG - Receive from parent_transcription_pipe after sendiung transcription request, transcribe_count: 1
2026-05-21 23:57:01.304 - RealTimeSTT: realtimestt - DEBUG - Receive from parent_transcription_pipe after sendiung transcription request, transcribe_count: 1
2026-05-21 23:57:01.414 - RealTimeSTT: realtimestt - DEBUG - Receive from parent_transcription_pipe after sendiung transcription request, transcribe_count: 1
2026-05-21 23:57:01.522 - RealTimeSTT: realtimestt - DEBUG - Receive from parent_transcription_pipe after sendiung transcription request, transcribe_count: 1
2026-05-21 23:57:01.634 - RealTimeSTT: realtimestt - DEBUG - Receive from parent_transcription_pipe after sendiung transcription request, transcribe_count: 1
2026-05-21 23:57:01.746 - RealTimeSTT: realtimestt - DEBUG - Receive from parent_transcription_pipe after sendiung transcription request, transcribe_count: 1
2026-05-21 23:57:01.856 - RealTimeSTT: realtimestt - DEBUG - Receive from parent_transcription_pipe after sendiung transcription request, transcribe_count: 1
2026-05-21 23:57:01.966 - RealTimeSTT: realtimestt - DEBUG - Receive from parent_transcription_pipe after sendiung transcription request, transcribe_count: 1
2026-05-21 23:57:02.076 - RealTimeSTT: realtimestt - DEBUG - Receive from parent_transcription_pipe after sendiung transcription request, transcribe_count: 1
2026-05-21 23:57:02.183 - RealTimeSTT: realtimestt - DEBUG - Receive from parent_transcription_pipe after sendiung transcription request, transcribe_count: 1
2026-05-21 23:57:02.292 - RealTimeSTT: realtimestt - DEBUG - Receive from parent_transcription_pipe after sendiung transcription request, transcribe_count: 1
2026-05-21 23:57:02.402 - RealTimeSTT: realtimestt - DEBUG - Receive from parent_transcription_pipe after sendiung transcription request, transcribe_count: 1
2026-05-21 23:57:02.512 - RealTimeSTT: realtimestt - DEBUG - Receive from parent_transcription_pipe after sendiung transcription request, transcribe_count: 1
2026-05-21 23:57:02.621 - RealTimeSTT: realtimestt - DEBUG - Receive from parent_transcription_pipe after sendiung transcription request, transcribe_count: 1
2026-05-21 23:57:02.732 - RealTimeSTT: realtimestt - DEBUG - Receive from parent_transcription_pipe after sendiung transcription request, transcribe_count: 1
2026-05-21 23:57:02.841 - RealTimeSTT: realtimestt - DEBUG - Receive from parent_transcription_pipe after sendiung transcription request, transcribe_count: 1
2026-05-21 23:57:02.948 - RealTimeSTT: realtimestt - DEBUG - Receive from parent_transcription_pipe after sendiung transcription request, transcribe_count: 1
2026-05-21 23:57:03.058 - RealTimeSTT: realtimestt - DEBUG - Receive from parent_transcription_pipe after sendiung transcription request, transcribe_count: 1
2026-05-21 23:57:03.168 - RealTimeSTT: realtimestt - DEBUG - Receive from parent_transcription_pipe after sendiung transcription request, transcribe_count: 1
2026-05-21 23:57:03.277 - RealTimeSTT: realtimestt - DEBUG - Receive from parent_transcription_pipe after sendiung transcription request, transcribe_count: 1
2026-05-21 23:57:03.339 - RealTimeSTT: realtimestt - INFO - voice activity detected
2026-05-21 23:57:03.339 - RealTimeSTT: realtimestt - INFO - recording started
2026-05-21 23:57:03.339 - RealTimeSTT: realtimestt - INFO - State changed from 'transcribing' to 'recording'
2026-05-21 23:57:03.386 - RealTimeSTT: realtimestt - DEBUG - Receive from parent_transcription_pipe after sendiung transcription request, transcribe_count: 1
2026-05-21 23:57:03.497 - RealTimeSTT: realtimestt - DEBUG - Receive from parent_transcription_pipe after sendiung transcription request, transcribe_count: 1
2026-05-21 23:57:03.607 - RealTimeSTT: realtimestt - DEBUG - Receive from parent_transcription_pipe after sendiung transcription request, transcribe_count: 1
2026-05-21 23:57:03.719 - RealTimeSTT: realtimestt - DEBUG - Receive from parent_transcription_pipe after sendiung transcription request, transcribe_count: 1
2026-05-21 23:57:03.817 - RealTimeSTT: realtimestt - INFO - State changed from 'recording' to 'inactive'
2026-05-21 23:57:03.819 - RealTimeSTT: realtimestt - DEBUG - Model small completed transcription in 3.28 seconds
2026-05-21 23:57:03.820 - RealTimeSTT: realtimestt - INFO - Setting listen time
2026-05-21 23:57:03.820 - RealTimeSTT: realtimestt - DEBUG - Waiting for recording stop
2026-05-21 23:57:04.626 - RealTimeSTT: realtimestt - INFO - recording stopped
2026-05-21 23:57:04.627 - RealTimeSTT: realtimestt - DEBUG - No samples removed, final audio length: 36864
2026-05-21 23:57:04.627 - RealTimeSTT: realtimestt - INFO - State changed from 'inactive' to 'transcribing'
2026-05-21 23:57:04.627 - RealTimeSTT: realtimestt - DEBUG - Adding transcription request, no early transcription started
2026-05-21 23:57:04.631 - RealTimeSTT: realtimestt - DEBUG - Receive from parent_transcription_pipe after sendiung transcription request, transcribe_count: 1
2026-05-21 23:57:04.736 - RealTimeSTT: realtimestt - DEBUG - Receive from parent_transcription_pipe after sendiung transcription request, transcribe_count: 1
2026-05-21 23:57:04.847 - RealTimeSTT: realtimestt - DEBUG - Receive from parent_transcription_pipe after sendiung transcription request, transcribe_count: 1
2026-05-21 23:57:04.956 - RealTimeSTT: realtimestt - DEBUG - Receive from parent_transcription_pipe after sendiung transcription request, transcribe_count: 1
2026-05-21 23:57:05.066 - RealTimeSTT: realtimestt - DEBUG - Receive from parent_transcription_pipe after sendiung transcription request, transcribe_count: 1
2026-05-21 23:57:05.175 - RealTimeSTT: realtimestt - DEBUG - Receive from parent_transcription_pipe after sendiung transcription request, transcribe_count: 1
2026-05-21 23:57:05.284 - RealTimeSTT: realtimestt - DEBUG - Receive from parent_transcription_pipe after sendiung transcription request, transcribe_count: 1
2026-05-21 23:57:05.394 - RealTimeSTT: realtimestt - DEBUG - Receive from parent_transcription_pipe after sendiung transcription request, transcribe_count: 1
2026-05-21 23:57:05.503 - RealTimeSTT: realtimestt - DEBUG - Receive from parent_transcription_pipe after sendiung transcription request, transcribe_count: 1
2026-05-21 23:57:05.611 - RealTimeSTT: realtimestt - DEBUG - Receive from parent_transcription_pipe after sendiung transcription request, transcribe_count: 1
2026-05-21 23:57:05.720 - RealTimeSTT: realtimestt - DEBUG - Receive from parent_transcription_pipe after sendiung transcription request, transcribe_count: 1
2026-05-21 23:57:05.831 - RealTimeSTT: realtimestt - DEBUG - Receive from parent_transcription_pipe after sendiung transcription request, transcribe_count: 1
2026-05-21 23:57:05.941 - RealTimeSTT: realtimestt - DEBUG - Receive from parent_transcription_pipe after sendiung transcription request, transcribe_count: 1
2026-05-21 23:57:06.049 - RealTimeSTT: realtimestt - DEBUG - Receive from parent_transcription_pipe after sendiung transcription request, transcribe_count: 1
2026-05-21 23:57:06.159 - RealTimeSTT: realtimestt - DEBUG - Receive from parent_transcription_pipe after sendiung transcription request, transcribe_count: 1
2026-05-21 23:57:06.268 - RealTimeSTT: realtimestt - DEBUG - Receive from parent_transcription_pipe after sendiung transcription request, transcribe_count: 1
2026-05-21 23:57:06.376 - RealTimeSTT: realtimestt - DEBUG - Receive from parent_transcription_pipe after sendiung transcription request, transcribe_count: 1
2026-05-21 23:57:06.486 - RealTimeSTT: realtimestt - DEBUG - Receive from parent_transcription_pipe after sendiung transcription request, transcribe_count: 1
2026-05-21 23:57:06.595 - RealTimeSTT: realtimestt - DEBUG - Receive from parent_transcription_pipe after sendiung transcription request, transcribe_count: 1
2026-05-21 23:57:06.706 - RealTimeSTT: realtimestt - DEBUG - Receive from parent_transcription_pipe after sendiung transcription request, transcribe_count: 1
2026-05-21 23:57:06.817 - RealTimeSTT: realtimestt - DEBUG - Receive from parent_transcription_pipe after sendiung transcription request, transcribe_count: 1
2026-05-21 23:57:06.926 - RealTimeSTT: realtimestt - DEBUG - Receive from parent_transcription_pipe after sendiung transcription request, transcribe_count: 1
2026-05-21 23:57:07.036 - RealTimeSTT: realtimestt - DEBUG - Receive from parent_transcription_pipe after sendiung transcription request, transcribe_count: 1
2026-05-21 23:57:07.145 - RealTimeSTT: realtimestt - DEBUG - Receive from parent_transcription_pipe after sendiung transcription request, transcribe_count: 1
2026-05-21 23:57:07.255 - RealTimeSTT: realtimestt - DEBUG - Receive from parent_transcription_pipe after sendiung transcription request, transcribe_count: 1
2026-05-21 23:57:07.363 - RealTimeSTT: realtimestt - DEBUG - Receive from parent_transcription_pipe after sendiung transcription request, transcribe_count: 1
2026-05-21 23:57:07.473 - RealTimeSTT: realtimestt - DEBUG - Receive from parent_transcription_pipe after sendiung transcription request, transcribe_count: 1
2026-05-21 23:57:07.583 - RealTimeSTT: realtimestt - DEBUG - Receive from parent_transcription_pipe after sendiung transcription request, transcribe_count: 1
2026-05-21 23:57:07.694 - RealTimeSTT: realtimestt - DEBUG - Receive from parent_transcription_pipe after sendiung transcription request, transcribe_count: 1
2026-05-21 23:57:07.804 - RealTimeSTT: realtimestt - DEBUG - Receive from parent_transcription_pipe after sendiung transcription request, transcribe_count: 1
2026-05-21 23:57:07.896 - RealTimeSTT: realtimestt - INFO - State changed from 'transcribing' to 'inactive'
2026-05-21 23:57:07.897 - RealTimeSTT: realtimestt - DEBUG - Model small completed transcription in 3.27 seconds
2026-05-21 23:57:07.898 - RealTimeSTT: realtimestt - INFO - Setting listen time
2026-05-21 23:57:07.898 - RealTimeSTT: realtimestt - INFO - State changed from 'inactive' to 'listening'
2026-05-21 23:57:07.898 - RealTimeSTT: realtimestt - DEBUG - Waiting for recording start
2026-05-21 23:57:08.087 - RealTimeSTT: realtimestt - INFO - voice activity detected
2026-05-21 23:57:08.087 - RealTimeSTT: realtimestt - INFO - recording started
2026-05-21 23:57:08.087 - RealTimeSTT: realtimestt - INFO - State changed from 'listening' to 'recording'
2026-05-21 23:57:08.087 - RealTimeSTT: realtimestt - DEBUG - Waiting for recording stop
2026-05-21 23:57:09.890 - RealTimeSTT: realtimestt - INFO - recording stopped
2026-05-21 23:57:09.893 - RealTimeSTT: realtimestt - DEBUG - No samples removed, final audio length: 45056
2026-05-21 23:57:09.893 - RealTimeSTT: realtimestt - INFO - State changed from 'recording' to 'inactive'
2026-05-21 23:57:09.893 - RealTimeSTT: realtimestt - INFO - State changed from 'inactive' to 'transcribing'
2026-05-21 23:57:09.893 - RealTimeSTT: realtimestt - DEBUG - Adding transcription request, no early transcription started
2026-05-21 23:57:09.895 - RealTimeSTT: realtimestt - DEBUG - Receive from parent_transcription_pipe after sendiung transcription request, transcribe_count: 1
2026-05-21 23:57:10.000 - RealTimeSTT: realtimestt - DEBUG - Receive from parent_transcription_pipe after sendiung transcription request, transcribe_count: 1
2026-05-21 23:57:10.110 - RealTimeSTT: realtimestt - DEBUG - Receive from parent_transcription_pipe after sendiung transcription request, transcribe_count: 1
2026-05-21 23:57:10.220 - RealTimeSTT: realtimestt - DEBUG - Receive from parent_transcription_pipe after sendiung transcription request, transcribe_count: 1
2026-05-21 23:57:10.328 - RealTimeSTT: realtimestt - DEBUG - Receive from parent_transcription_pipe after sendiung transcription request, transcribe_count: 1
2026-05-21 23:57:10.438 - RealTimeSTT: realtimestt - DEBUG - Receive from parent_transcription_pipe after sendiung transcription request, transcribe_count: 1
2026-05-21 23:57:10.548 - RealTimeSTT: realtimestt - DEBUG - Receive from parent_transcription_pipe after sendiung transcription request, transcribe_count: 1
2026-05-21 23:57:10.657 - RealTimeSTT: realtimestt - DEBUG - Receive from parent_transcription_pipe after sendiung transcription request, transcribe_count: 1
2026-05-21 23:57:10.767 - RealTimeSTT: realtimestt - DEBUG - Receive from parent_transcription_pipe after sendiung transcription request, transcribe_count: 1
2026-05-21 23:57:10.877 - RealTimeSTT: realtimestt - DEBUG - Receive from parent_transcription_pipe after sendiung transcription request, transcribe_count: 1
2026-05-21 23:57:10.988 - RealTimeSTT: realtimestt - DEBUG - Receive from parent_transcription_pipe after sendiung transcription request, transcribe_count: 1
2026-05-21 23:57:11.099 - RealTimeSTT: realtimestt - DEBUG - Receive from parent_transcription_pipe after sendiung transcription request, transcribe_count: 1
2026-05-21 23:57:11.208 - RealTimeSTT: realtimestt - DEBUG - Receive from parent_transcription_pipe after sendiung transcription request, transcribe_count: 1
2026-05-21 23:57:11.320 - RealTimeSTT: realtimestt - DEBUG - Receive from parent_transcription_pipe after sendiung transcription request, transcribe_count: 1
2026-05-21 23:57:11.430 - RealTimeSTT: realtimestt - DEBUG - Receive from parent_transcription_pipe after sendiung transcription request, transcribe_count: 1
2026-05-21 23:57:11.540 - RealTimeSTT: realtimestt - DEBUG - Receive from parent_transcription_pipe after sendiung transcription request, transcribe_count: 1
2026-05-21 23:57:11.649 - RealTimeSTT: realtimestt - DEBUG - Receive from parent_transcription_pipe after sendiung transcription request, transcribe_count: 1
2026-05-21 23:57:11.758 - RealTimeSTT: realtimestt - DEBUG - Receive from parent_transcription_pipe after sendiung transcription request, transcribe_count: 1
2026-05-21 23:57:11.866 - RealTimeSTT: realtimestt - DEBUG - Receive from parent_transcription_pipe after sendiung transcription request, transcribe_count: 1
2026-05-21 23:57:11.974 - RealTimeSTT: realtimestt - DEBUG - Receive from parent_transcription_pipe after sendiung transcription request, transcribe_count: 1
2026-05-21 23:57:12.082 - RealTimeSTT: realtimestt - DEBUG - Receive from parent_transcription_pipe after sendiung transcription request, transcribe_count: 1
2026-05-21 23:57:12.192 - RealTimeSTT: realtimestt - DEBUG - Receive from parent_transcription_pipe after sendiung transcription request, transcribe_count: 1
2026-05-21 23:57:12.303 - RealTimeSTT: realtimestt - DEBUG - Receive from parent_transcription_pipe after sendiung transcription request, transcribe_count: 1
2026-05-21 23:57:12.413 - RealTimeSTT: realtimestt - DEBUG - Receive from parent_transcription_pipe after sendiung transcription request, transcribe_count: 1
2026-05-21 23:57:12.522 - RealTimeSTT: realtimestt - DEBUG - Receive from parent_transcription_pipe after sendiung transcription request, transcribe_count: 1
2026-05-21 23:57:12.632 - RealTimeSTT: realtimestt - DEBUG - Receive from parent_transcription_pipe after sendiung transcription request, transcribe_count: 1
2026-05-21 23:57:12.740 - RealTimeSTT: realtimestt - DEBUG - Receive from parent_transcription_pipe after sendiung transcription request, transcribe_count: 1
2026-05-21 23:57:12.849 - RealTimeSTT: realtimestt - DEBUG - Receive from parent_transcription_pipe after sendiung transcription request, transcribe_count: 1
2026-05-21 23:57:12.958 - RealTimeSTT: realtimestt - DEBUG - Receive from parent_transcription_pipe after sendiung transcription request, transcribe_count: 1
2026-05-21 23:57:13.065 - RealTimeSTT: realtimestt - DEBUG - Receive from parent_transcription_pipe after sendiung transcription request, transcribe_count: 1
2026-05-21 23:57:13.175 - RealTimeSTT: realtimestt - DEBUG - Receive from parent_transcription_pipe after sendiung transcription request, transcribe_count: 1
2026-05-21 23:57:13.214 - RealTimeSTT: realtimestt - INFO - State changed from 'transcribing' to 'inactive'
2026-05-21 23:57:13.215 - RealTimeSTT: realtimestt - DEBUG - Model small completed transcription in 3.32 seconds
2026-05-21 23:57:13.216 - RealTimeSTT: realtimestt - INFO - Setting listen time
2026-05-21 23:57:13.216 - RealTimeSTT: realtimestt - INFO - State changed from 'inactive' to 'listening'
2026-05-21 23:57:13.216 - RealTimeSTT: realtimestt - DEBUG - Waiting for recording start
2026-05-21 23:57:19.861 - RealTimeSTT: realtimestt - INFO - voice activity detected
2026-05-21 23:57:19.861 - RealTimeSTT: realtimestt - INFO - recording started
2026-05-21 23:57:19.861 - RealTimeSTT: realtimestt - INFO - State changed from 'listening' to 'recording'
2026-05-21 23:57:19.862 - RealTimeSTT: realtimestt - DEBUG - Waiting for recording stop
2026-05-21 23:57:22.214 - RealTimeSTT: realtimestt - INFO - recording stopped
2026-05-21 23:57:22.215 - RealTimeSTT: realtimestt - DEBUG - No samples removed, final audio length: 54272
2026-05-21 23:57:22.216 - RealTimeSTT: realtimestt - INFO - State changed from 'recording' to 'inactive'
2026-05-21 23:57:22.216 - RealTimeSTT: realtimestt - INFO - State changed from 'inactive' to 'transcribing'
2026-05-21 23:57:22.216 - RealTimeSTT: realtimestt - DEBUG - Adding transcription request, no early transcription started
2026-05-21 23:57:22.218 - RealTimeSTT: realtimestt - DEBUG - Receive from parent_transcription_pipe after sendiung transcription request, transcribe_count: 1
2026-05-21 23:57:22.323 - RealTimeSTT: realtimestt - DEBUG - Receive from parent_transcription_pipe after sendiung transcription request, transcribe_count: 1
2026-05-21 23:57:22.434 - RealTimeSTT: realtimestt - DEBUG - Receive from parent_transcription_pipe after sendiung transcription request, transcribe_count: 1
2026-05-21 23:57:22.545 - RealTimeSTT: realtimestt - DEBUG - Receive from parent_transcription_pipe after sendiung transcription request, transcribe_count: 1
2026-05-21 23:57:22.657 - RealTimeSTT: realtimestt - DEBUG - Receive from parent_transcription_pipe after sendiung transcription request, transcribe_count: 1
2026-05-21 23:57:22.768 - RealTimeSTT: realtimestt - DEBUG - Receive from parent_transcription_pipe after sendiung transcription request, transcribe_count: 1
2026-05-21 23:57:22.880 - RealTimeSTT: realtimestt - DEBUG - Receive from parent_transcription_pipe after sendiung transcription request, transcribe_count: 1
2026-05-21 23:57:22.990 - RealTimeSTT: realtimestt - DEBUG - Receive from parent_transcription_pipe after sendiung transcription request, transcribe_count: 1
2026-05-21 23:57:23.100 - RealTimeSTT: realtimestt - DEBUG - Receive from parent_transcription_pipe after sendiung transcription request, transcribe_count: 1
2026-05-21 23:57:23.211 - RealTimeSTT: realtimestt - DEBUG - Receive from parent_transcription_pipe after sendiung transcription request, transcribe_count: 1
2026-05-21 23:57:23.321 - RealTimeSTT: realtimestt - DEBUG - Receive from parent_transcription_pipe after sendiung transcription request, transcribe_count: 1
2026-05-21 23:57:23.432 - RealTimeSTT: realtimestt - DEBUG - Receive from parent_transcription_pipe after sendiung transcription request, transcribe_count: 1
2026-05-21 23:57:23.543 - RealTimeSTT: realtimestt - DEBUG - Receive from parent_transcription_pipe after sendiung transcription request, transcribe_count: 1
2026-05-21 23:57:23.654 - RealTimeSTT: realtimestt - DEBUG - Receive from parent_transcription_pipe after sendiung transcription request, transcribe_count: 1
2026-05-21 23:57:23.764 - RealTimeSTT: realtimestt - DEBUG - Receive from parent_transcription_pipe after sendiung transcription request, transcribe_count: 1
2026-05-21 23:57:23.875 - RealTimeSTT: realtimestt - DEBUG - Receive from parent_transcription_pipe after sendiung transcription request, transcribe_count: 1
2026-05-21 23:57:23.986 - RealTimeSTT: realtimestt - DEBUG - Receive from parent_transcription_pipe after sendiung transcription request, transcribe_count: 1
2026-05-21 23:57:24.096 - RealTimeSTT: realtimestt - DEBUG - Receive from parent_transcription_pipe after sendiung transcription request, transcribe_count: 1
2026-05-21 23:57:24.207 - RealTimeSTT: realtimestt - DEBUG - Receive from parent_transcription_pipe after sendiung transcription request, transcribe_count: 1
2026-05-21 23:57:24.317 - RealTimeSTT: realtimestt - DEBUG - Receive from parent_transcription_pipe after sendiung transcription request, transcribe_count: 1
2026-05-21 23:57:24.428 - RealTimeSTT: realtimestt - DEBUG - Receive from parent_transcription_pipe after sendiung transcription request, transcribe_count: 1
2026-05-21 23:57:24.537 - RealTimeSTT: realtimestt - DEBUG - Receive from parent_transcription_pipe after sendiung transcription request, transcribe_count: 1
2026-05-21 23:57:24.650 - RealTimeSTT: realtimestt - DEBUG - Receive from parent_transcription_pipe after sendiung transcription request, transcribe_count: 1
2026-05-21 23:57:24.760 - RealTimeSTT: realtimestt - DEBUG - Receive from parent_transcription_pipe after sendiung transcription request, transcribe_count: 1
2026-05-21 23:57:24.870 - RealTimeSTT: realtimestt - DEBUG - Receive from parent_transcription_pipe after sendiung transcription request, transcribe_count: 1
2026-05-21 23:57:24.981 - RealTimeSTT: realtimestt - DEBUG - Receive from parent_transcription_pipe after sendiung transcription request, transcribe_count: 1
2026-05-21 23:57:25.091 - RealTimeSTT: realtimestt - DEBUG - Receive from parent_transcription_pipe after sendiung transcription request, transcribe_count: 1
2026-05-21 23:57:25.200 - RealTimeSTT: realtimestt - DEBUG - Receive from parent_transcription_pipe after sendiung transcription request, transcribe_count: 1
2026-05-21 23:57:25.310 - RealTimeSTT: realtimestt - DEBUG - Receive from parent_transcription_pipe after sendiung transcription request, transcribe_count: 1
2026-05-21 23:57:25.420 - RealTimeSTT: realtimestt - DEBUG - Receive from parent_transcription_pipe after sendiung transcription request, transcribe_count: 1
2026-05-21 23:57:25.479 - RealTimeSTT: realtimestt - INFO - State changed from 'transcribing' to 'inactive'
2026-05-21 23:57:25.480 - RealTimeSTT: realtimestt - DEBUG - Model small completed transcription in 3.26 seconds
2026-05-21 23:57:25.481 - RealTimeSTT: realtimestt - INFO - Setting listen time
2026-05-21 23:57:25.481 - RealTimeSTT: realtimestt - INFO - State changed from 'inactive' to 'listening'
2026-05-21 23:57:25.481 - RealTimeSTT: realtimestt - DEBUG - Waiting for recording start
2026-05-21 23:57:25.703 - RealTimeSTT: realtimestt - INFO - voice activity detected
2026-05-21 23:57:25.703 - RealTimeSTT: realtimestt - INFO - recording started
2026-05-21 23:57:25.704 - RealTimeSTT: realtimestt - INFO - State changed from 'listening' to 'recording'
2026-05-21 23:57:25.704 - RealTimeSTT: realtimestt - DEBUG - Waiting for recording stop
2026-05-21 23:57:27.811 - RealTimeSTT: realtimestt - INFO - recording stopped
2026-05-21 23:57:27.813 - RealTimeSTT: realtimestt - DEBUG - No samples removed, final audio length: 50176
2026-05-21 23:57:27.813 - RealTimeSTT: realtimestt - INFO - State changed from 'recording' to 'inactive'
2026-05-21 23:57:27.813 - RealTimeSTT: realtimestt - INFO - State changed from 'inactive' to 'transcribing'
2026-05-21 23:57:27.813 - RealTimeSTT: realtimestt - DEBUG - Adding transcription request, no early transcription started
2026-05-21 23:57:27.831 - RealTimeSTT: realtimestt - DEBUG - Receive from parent_transcription_pipe after sendiung transcription request, transcribe_count: 1
2026-05-21 23:57:27.937 - RealTimeSTT: realtimestt - DEBUG - Receive from parent_transcription_pipe after sendiung transcription request, transcribe_count: 1
2026-05-21 23:57:28.045 - RealTimeSTT: realtimestt - DEBUG - Receive from parent_transcription_pipe after sendiung transcription request, transcribe_count: 1
2026-05-21 23:57:28.154 - RealTimeSTT: realtimestt - DEBUG - Receive from parent_transcription_pipe after sendiung transcription request, transcribe_count: 1
2026-05-21 23:57:28.263 - RealTimeSTT: realtimestt - DEBUG - Receive from parent_transcription_pipe after sendiung transcription request, transcribe_count: 1
2026-05-21 23:57:28.373 - RealTimeSTT: realtimestt - DEBUG - Receive from parent_transcription_pipe after sendiung transcription request, transcribe_count: 1
2026-05-21 23:57:28.483 - RealTimeSTT: realtimestt - DEBUG - Receive from parent_transcription_pipe after sendiung transcription request, transcribe_count: 1
2026-05-21 23:57:28.594 - RealTimeSTT: realtimestt - DEBUG - Receive from parent_transcription_pipe after sendiung transcription request, transcribe_count: 1
2026-05-21 23:57:28.705 - RealTimeSTT: realtimestt - DEBUG - Receive from parent_transcription_pipe after sendiung transcription request, transcribe_count: 1
2026-05-21 23:57:28.814 - RealTimeSTT: realtimestt - DEBUG - Receive from parent_transcription_pipe after sendiung transcription request, transcribe_count: 1
2026-05-21 23:57:28.925 - RealTimeSTT: realtimestt - DEBUG - Receive from parent_transcription_pipe after sendiung transcription request, transcribe_count: 1
2026-05-21 23:57:29.036 - RealTimeSTT: realtimestt - DEBUG - Receive from parent_transcription_pipe after sendiung transcription request, transcribe_count: 1
2026-05-21 23:57:29.146 - RealTimeSTT: realtimestt - DEBUG - Receive from parent_transcription_pipe after sendiung transcription request, transcribe_count: 1
2026-05-21 23:57:29.255 - RealTimeSTT: realtimestt - DEBUG - Receive from parent_transcription_pipe after sendiung transcription request, transcribe_count: 1
2026-05-21 23:57:29.363 - RealTimeSTT: realtimestt - DEBUG - Receive from parent_transcription_pipe after sendiung transcription request, transcribe_count: 1
2026-05-21 23:57:29.472 - RealTimeSTT: realtimestt - DEBUG - Receive from parent_transcription_pipe after sendiung transcription request, transcribe_count: 1
2026-05-21 23:57:29.582 - RealTimeSTT: realtimestt - DEBUG - Receive from parent_transcription_pipe after sendiung transcription request, transcribe_count: 1
2026-05-21 23:57:29.693 - RealTimeSTT: realtimestt - DEBUG - Receive from parent_transcription_pipe after sendiung transcription request, transcribe_count: 1
2026-05-21 23:57:29.803 - RealTimeSTT: realtimestt - DEBUG - Receive from parent_transcription_pipe after sendiung transcription request, transcribe_count: 1
2026-05-21 23:57:29.911 - RealTimeSTT: realtimestt - DEBUG - Receive from parent_transcription_pipe after sendiung transcription request, transcribe_count: 1
2026-05-21 23:57:30.020 - RealTimeSTT: realtimestt - DEBUG - Receive from parent_transcription_pipe after sendiung transcription request, transcribe_count: 1
2026-05-21 23:57:30.129 - RealTimeSTT: realtimestt - DEBUG - Receive from parent_transcription_pipe after sendiung transcription request, transcribe_count: 1
2026-05-21 23:57:30.240 - RealTimeSTT: realtimestt - DEBUG - Receive from parent_transcription_pipe after sendiung transcription request, transcribe_count: 1
2026-05-21 23:57:30.351 - RealTimeSTT: realtimestt - DEBUG - Receive from parent_transcription_pipe after sendiung transcription request, transcribe_count: 1
2026-05-21 23:57:30.460 - RealTimeSTT: realtimestt - DEBUG - Receive from parent_transcription_pipe after sendiung transcription request, transcribe_count: 1
2026-05-21 23:57:30.572 - RealTimeSTT: realtimestt - DEBUG - Receive from parent_transcription_pipe after sendiung transcription request, transcribe_count: 1
2026-05-21 23:57:30.682 - RealTimeSTT: realtimestt - DEBUG - Receive from parent_transcription_pipe after sendiung transcription request, transcribe_count: 1
2026-05-21 23:57:30.794 - RealTimeSTT: realtimestt - DEBUG - Receive from parent_transcription_pipe after sendiung transcription request, transcribe_count: 1
2026-05-21 23:57:30.904 - RealTimeSTT: realtimestt - DEBUG - Receive from parent_transcription_pipe after sendiung transcription request, transcribe_count: 1
2026-05-21 23:57:31.014 - RealTimeSTT: realtimestt - DEBUG - Receive from parent_transcription_pipe after sendiung transcription request, transcribe_count: 1
2026-05-21 23:57:31.123 - RealTimeSTT: realtimestt - DEBUG - Receive from parent_transcription_pipe after sendiung transcription request, transcribe_count: 1
2026-05-21 23:57:31.188 - RealTimeSTT: realtimestt - INFO - State changed from 'transcribing' to 'inactive'
2026-05-21 23:57:31.189 - RealTimeSTT: realtimestt - DEBUG - Model small completed transcription in 3.38 seconds
2026-05-21 23:57:31.190 - RealTimeSTT: realtimestt - INFO - Setting listen time
2026-05-21 23:57:31.190 - RealTimeSTT: realtimestt - INFO - State changed from 'inactive' to 'listening'
2026-05-21 23:57:31.190 - RealTimeSTT: realtimestt - DEBUG - Waiting for recording start
2026-05-21 23:57:31.578 - RealTimeSTT: realtimestt - INFO - voice activity detected
2026-05-21 23:57:31.578 - RealTimeSTT: realtimestt - INFO - recording started
2026-05-21 23:57:31.580 - RealTimeSTT: realtimestt - INFO - State changed from 'listening' to 'recording'
2026-05-21 23:57:31.580 - RealTimeSTT: realtimestt - DEBUG - Waiting for recording stop
2026-05-21 23:57:33.378 - RealTimeSTT: realtimestt - INFO - recording stopped
2026-05-21 23:57:33.379 - RealTimeSTT: realtimestt - DEBUG - No samples removed, final audio length: 45056
2026-05-21 23:57:33.379 - RealTimeSTT: realtimestt - INFO - State changed from 'recording' to 'inactive'
2026-05-21 23:57:33.379 - RealTimeSTT: realtimestt - INFO - State changed from 'inactive' to 'transcribing'
2026-05-21 23:57:33.379 - RealTimeSTT: realtimestt - DEBUG - Adding transcription request, no early transcription started
2026-05-21 23:57:33.399 - RealTimeSTT: realtimestt - DEBUG - Receive from parent_transcription_pipe after sendiung transcription request, transcribe_count: 1
2026-05-21 23:57:33.504 - RealTimeSTT: realtimestt - DEBUG - Receive from parent_transcription_pipe after sendiung transcription request, transcribe_count: 1
2026-05-21 23:57:33.615 - RealTimeSTT: realtimestt - DEBUG - Receive from parent_transcription_pipe after sendiung transcription request, transcribe_count: 1
2026-05-21 23:57:33.727 - RealTimeSTT: realtimestt - DEBUG - Receive from parent_transcription_pipe after sendiung transcription request, transcribe_count: 1
2026-05-21 23:57:33.838 - RealTimeSTT: realtimestt - DEBUG - Receive from parent_transcription_pipe after sendiung transcription request, transcribe_count: 1
2026-05-21 23:57:33.947 - RealTimeSTT: realtimestt - DEBUG - Receive from parent_transcription_pipe after sendiung transcription request, transcribe_count: 1
2026-05-21 23:57:34.058 - RealTimeSTT: realtimestt - DEBUG - Receive from parent_transcription_pipe after sendiung transcription request, transcribe_count: 1
2026-05-21 23:57:34.168 - RealTimeSTT: realtimestt - DEBUG - Receive from parent_transcription_pipe after sendiung transcription request, transcribe_count: 1
2026-05-21 23:57:34.278 - RealTimeSTT: realtimestt - DEBUG - Receive from parent_transcription_pipe after sendiung transcription request, transcribe_count: 1
2026-05-21 23:57:34.388 - RealTimeSTT: realtimestt - DEBUG - Receive from parent_transcription_pipe after sendiung transcription request, transcribe_count: 1
2026-05-21 23:57:34.499 - RealTimeSTT: realtimestt - DEBUG - Receive from parent_transcription_pipe after sendiung transcription request, transcribe_count: 1
2026-05-21 23:57:34.609 - RealTimeSTT: realtimestt - DEBUG - Receive from parent_transcription_pipe after sendiung transcription request, transcribe_count: 1
2026-05-21 23:57:34.720 - RealTimeSTT: realtimestt - DEBUG - Receive from parent_transcription_pipe after sendiung transcription request, transcribe_count: 1
2026-05-21 23:57:34.831 - RealTimeSTT: realtimestt - DEBUG - Receive from parent_transcription_pipe after sendiung transcription request, transcribe_count: 1
2026-05-21 23:57:34.941 - RealTimeSTT: realtimestt - DEBUG - Receive from parent_transcription_pipe after sendiung transcription request, transcribe_count: 1
2026-05-21 23:57:35.051 - RealTimeSTT: realtimestt - DEBUG - Receive from parent_transcription_pipe after sendiung transcription request, transcribe_count: 1
2026-05-21 23:57:35.160 - RealTimeSTT: realtimestt - DEBUG - Receive from parent_transcription_pipe after sendiung transcription request, transcribe_count: 1
2026-05-21 23:57:35.273 - RealTimeSTT: realtimestt - DEBUG - Receive from parent_transcription_pipe after sendiung transcription request, transcribe_count: 1
2026-05-21 23:57:35.384 - RealTimeSTT: realtimestt - DEBUG - Receive from parent_transcription_pipe after sendiung transcription request, transcribe_count: 1
2026-05-21 23:57:35.493 - RealTimeSTT: realtimestt - DEBUG - Receive from parent_transcription_pipe after sendiung transcription request, transcribe_count: 1
2026-05-21 23:57:35.493 - RealTimeSTT: realtimestt - INFO - voice activity detected
2026-05-21 23:57:35.493 - RealTimeSTT: realtimestt - INFO - recording started
2026-05-21 23:57:35.493 - RealTimeSTT: realtimestt - INFO - State changed from 'transcribing' to 'recording'
2026-05-21 23:57:35.604 - RealTimeSTT: realtimestt - DEBUG - Receive from parent_transcription_pipe after sendiung transcription request, transcribe_count: 1
2026-05-21 23:57:35.715 - RealTimeSTT: realtimestt - DEBUG - Receive from parent_transcription_pipe after sendiung transcription request, transcribe_count: 1
2026-05-21 23:57:35.826 - RealTimeSTT: realtimestt - DEBUG - Receive from parent_transcription_pipe after sendiung transcription request, transcribe_count: 1
2026-05-21 23:57:35.938 - RealTimeSTT: realtimestt - DEBUG - Receive from parent_transcription_pipe after sendiung transcription request, transcribe_count: 1
2026-05-21 23:57:36.049 - RealTimeSTT: realtimestt - DEBUG - Receive from parent_transcription_pipe after sendiung transcription request, transcribe_count: 1
2026-05-21 23:57:36.157 - RealTimeSTT: realtimestt - DEBUG - Receive from parent_transcription_pipe after sendiung transcription request, transcribe_count: 1
2026-05-21 23:57:36.267 - RealTimeSTT: realtimestt - DEBUG - Receive from parent_transcription_pipe after sendiung transcription request, transcribe_count: 1
2026-05-21 23:57:36.376 - RealTimeSTT: realtimestt - DEBUG - Receive from parent_transcription_pipe after sendiung transcription request, transcribe_count: 1
2026-05-21 23:57:36.486 - RealTimeSTT: realtimestt - DEBUG - Receive from parent_transcription_pipe after sendiung transcription request, transcribe_count: 1
2026-05-21 23:57:36.551 - RealTimeSTT: realtimestt - INFO - State changed from 'recording' to 'inactive'
2026-05-21 23:57:36.552 - RealTimeSTT: realtimestt - DEBUG - Model small completed transcription in 3.17 seconds
2026-05-21 23:57:36.553 - RealTimeSTT: realtimestt - INFO - Setting listen time
2026-05-21 23:57:36.553 - RealTimeSTT: realtimestt - DEBUG - Waiting for recording stop
2026-05-21 23:57:37.454 - RealTimeSTT: realtimestt - INFO - recording stopped
2026-05-21 23:57:37.456 - RealTimeSTT: realtimestt - DEBUG - No samples removed, final audio length: 48128
2026-05-21 23:57:37.456 - RealTimeSTT: realtimestt - INFO - State changed from 'inactive' to 'transcribing'
2026-05-21 23:57:37.456 - RealTimeSTT: realtimestt - DEBUG - Adding transcription request, no early transcription started
2026-05-21 23:57:37.460 - RealTimeSTT: realtimestt - DEBUG - Receive from parent_transcription_pipe after sendiung transcription request, transcribe_count: 1
2026-05-21 23:57:37.563 - RealTimeSTT: realtimestt - DEBUG - Receive from parent_transcription_pipe after sendiung transcription request, transcribe_count: 1
2026-05-21 23:57:37.671 - RealTimeSTT: realtimestt - DEBUG - Receive from parent_transcription_pipe after sendiung transcription request, transcribe_count: 1
2026-05-21 23:57:37.780 - RealTimeSTT: realtimestt - DEBUG - Receive from parent_transcription_pipe after sendiung transcription request, transcribe_count: 1
2026-05-21 23:57:37.890 - RealTimeSTT: realtimestt - DEBUG - Receive from parent_transcription_pipe after sendiung transcription request, transcribe_count: 1
2026-05-21 23:57:37.999 - RealTimeSTT: realtimestt - DEBUG - Receive from parent_transcription_pipe after sendiung transcription request, transcribe_count: 1
2026-05-21 23:57:38.109 - RealTimeSTT: realtimestt - DEBUG - Receive from parent_transcription_pipe after sendiung transcription request, transcribe_count: 1
2026-05-21 23:57:38.220 - RealTimeSTT: realtimestt - DEBUG - Receive from parent_transcription_pipe after sendiung transcription request, transcribe_count: 1
2026-05-21 23:57:38.331 - RealTimeSTT: realtimestt - DEBUG - Receive from parent_transcription_pipe after sendiung transcription request, transcribe_count: 1
2026-05-21 23:57:38.442 - RealTimeSTT: realtimestt - DEBUG - Receive from parent_transcription_pipe after sendiung transcription request, transcribe_count: 1
2026-05-21 23:57:38.552 - RealTimeSTT: realtimestt - DEBUG - Receive from parent_transcription_pipe after sendiung transcription request, transcribe_count: 1
2026-05-21 23:57:38.663 - RealTimeSTT: realtimestt - DEBUG - Receive from parent_transcription_pipe after sendiung transcription request, transcribe_count: 1
2026-05-21 23:57:38.774 - RealTimeSTT: realtimestt - DEBUG - Receive from parent_transcription_pipe after sendiung transcription request, transcribe_count: 1
2026-05-21 23:57:38.883 - RealTimeSTT: realtimestt - DEBUG - Receive from parent_transcription_pipe after sendiung transcription request, transcribe_count: 1
2026-05-21 23:57:38.993 - RealTimeSTT: realtimestt - DEBUG - Receive from parent_transcription_pipe after sendiung transcription request, transcribe_count: 1
2026-05-21 23:57:39.102 - RealTimeSTT: realtimestt - DEBUG - Receive from parent_transcription_pipe after sendiung transcription request, transcribe_count: 1
2026-05-21 23:57:39.133 - RealTimeSTT: realtimestt - INFO - voice activity detected
2026-05-21 23:57:39.133 - RealTimeSTT: realtimestt - INFO - recording started
2026-05-21 23:57:39.133 - RealTimeSTT: realtimestt - INFO - State changed from 'transcribing' to 'recording'
2026-05-21 23:57:39.213 - RealTimeSTT: realtimestt - DEBUG - Receive from parent_transcription_pipe after sendiung transcription request, transcribe_count: 1
2026-05-21 23:57:39.321 - RealTimeSTT: realtimestt - DEBUG - Receive from parent_transcription_pipe after sendiung transcription request, transcribe_count: 1
2026-05-21 23:57:39.430 - RealTimeSTT: realtimestt - DEBUG - Receive from parent_transcription_pipe after sendiung transcription request, transcribe_count: 1
2026-05-21 23:57:39.538 - RealTimeSTT: realtimestt - DEBUG - Receive from parent_transcription_pipe after sendiung transcription request, transcribe_count: 1
2026-05-21 23:57:39.647 - RealTimeSTT: realtimestt - DEBUG - Receive from parent_transcription_pipe after sendiung transcription request, transcribe_count: 1
2026-05-21 23:57:39.760 - RealTimeSTT: realtimestt - DEBUG - Receive from parent_transcription_pipe after sendiung transcription request, transcribe_count: 1
2026-05-21 23:57:39.870 - RealTimeSTT: realtimestt - DEBUG - Receive from parent_transcription_pipe after sendiung transcription request, transcribe_count: 1
2026-05-21 23:57:39.979 - RealTimeSTT: realtimestt - DEBUG - Receive from parent_transcription_pipe after sendiung transcription request, transcribe_count: 1
2026-05-21 23:57:40.090 - RealTimeSTT: realtimestt - DEBUG - Receive from parent_transcription_pipe after sendiung transcription request, transcribe_count: 1
2026-05-21 23:57:40.199 - RealTimeSTT: realtimestt - DEBUG - Receive from parent_transcription_pipe after sendiung transcription request, transcribe_count: 1
2026-05-21 23:57:40.309 - RealTimeSTT: realtimestt - DEBUG - Receive from parent_transcription_pipe after sendiung transcription request, transcribe_count: 1
2026-05-21 23:57:40.420 - RealTimeSTT: realtimestt - DEBUG - Receive from parent_transcription_pipe after sendiung transcription request, transcribe_count: 1
2026-05-21 23:57:40.530 - RealTimeSTT: realtimestt - DEBUG - Receive from parent_transcription_pipe after sendiung transcription request, transcribe_count: 1
2026-05-21 23:57:40.530 - RealTimeSTT: realtimestt - INFO - recording stopped
2026-05-21 23:57:40.562 - RealTimeSTT: realtimestt - INFO - State changed from 'recording' to 'inactive'
2026-05-21 23:57:40.563 - RealTimeSTT: realtimestt - DEBUG - Model small completed transcription in 3.11 seconds
2026-05-21 23:57:40.564 - RealTimeSTT: realtimestt - INFO - Setting listen time
2026-05-21 23:57:40.564 - RealTimeSTT: realtimestt - DEBUG - No samples removed, final audio length: 38912
2026-05-21 23:57:40.564 - RealTimeSTT: realtimestt - INFO - State changed from 'inactive' to 'transcribing'
2026-05-21 23:57:40.564 - RealTimeSTT: realtimestt - DEBUG - Adding transcription request, no early transcription started
2026-05-21 23:57:40.582 - RealTimeSTT: realtimestt - DEBUG - Receive from parent_transcription_pipe after sendiung transcription request, transcribe_count: 1
2026-05-21 23:57:40.687 - RealTimeSTT: realtimestt - DEBUG - Receive from parent_transcription_pipe after sendiung transcription request, transcribe_count: 1
2026-05-21 23:57:40.796 - RealTimeSTT: realtimestt - DEBUG - Receive from parent_transcription_pipe after sendiung transcription request, transcribe_count: 1
2026-05-21 23:57:40.906 - RealTimeSTT: realtimestt - DEBUG - Receive from parent_transcription_pipe after sendiung transcription request, transcribe_count: 1
2026-05-21 23:57:41.015 - RealTimeSTT: realtimestt - DEBUG - Receive from parent_transcription_pipe after sendiung transcription request, transcribe_count: 1
2026-05-21 23:57:41.126 - RealTimeSTT: realtimestt - DEBUG - Receive from parent_transcription_pipe after sendiung transcription request, transcribe_count: 1
2026-05-21 23:57:41.237 - RealTimeSTT: realtimestt - DEBUG - Receive from parent_transcription_pipe after sendiung transcription request, transcribe_count: 1
2026-05-21 23:57:41.347 - RealTimeSTT: realtimestt - DEBUG - Receive from parent_transcription_pipe after sendiung transcription request, transcribe_count: 1
2026-05-21 23:57:41.458 - RealTimeSTT: realtimestt - DEBUG - Receive from parent_transcription_pipe after sendiung transcription request, transcribe_count: 1
2026-05-21 23:57:41.565 - RealTimeSTT: realtimestt - DEBUG - Receive from parent_transcription_pipe after sendiung transcription request, transcribe_count: 1
2026-05-21 23:57:41.673 - RealTimeSTT: realtimestt - DEBUG - Receive from parent_transcription_pipe after sendiung transcription request, transcribe_count: 1
2026-05-21 23:57:41.783 - RealTimeSTT: realtimestt - DEBUG - Receive from parent_transcription_pipe after sendiung transcription request, transcribe_count: 1
2026-05-21 23:57:41.894 - RealTimeSTT: realtimestt - DEBUG - Receive from parent_transcription_pipe after sendiung transcription request, transcribe_count: 1
2026-05-21 23:57:42.002 - RealTimeSTT: realtimestt - DEBUG - Receive from parent_transcription_pipe after sendiung transcription request, transcribe_count: 1
2026-05-21 23:57:42.111 - RealTimeSTT: realtimestt - DEBUG - Receive from parent_transcription_pipe after sendiung transcription request, transcribe_count: 1
2026-05-21 23:57:42.127 - RealTimeSTT: realtimestt - INFO - voice activity detected
2026-05-21 23:57:42.127 - RealTimeSTT: realtimestt - INFO - recording started
2026-05-21 23:57:42.127 - RealTimeSTT: realtimestt - INFO - State changed from 'transcribing' to 'recording'
2026-05-21 23:57:42.220 - RealTimeSTT: realtimestt - DEBUG - Receive from parent_transcription_pipe after sendiung transcription request, transcribe_count: 1
2026-05-21 23:57:42.330 - RealTimeSTT: realtimestt - DEBUG - Receive from parent_transcription_pipe after sendiung transcription request, transcribe_count: 1
2026-05-21 23:57:42.441 - RealTimeSTT: realtimestt - DEBUG - Receive from parent_transcription_pipe after sendiung transcription request, transcribe_count: 1
2026-05-21 23:57:42.549 - RealTimeSTT: realtimestt - DEBUG - Receive from parent_transcription_pipe after sendiung transcription request, transcribe_count: 1
2026-05-21 23:57:42.659 - RealTimeSTT: realtimestt - DEBUG - Receive from parent_transcription_pipe after sendiung transcription request, transcribe_count: 1
2026-05-21 23:57:42.768 - RealTimeSTT: realtimestt - DEBUG - Receive from parent_transcription_pipe after sendiung transcription request, transcribe_count: 1
2026-05-21 23:57:42.877 - RealTimeSTT: realtimestt - DEBUG - Receive from parent_transcription_pipe after sendiung transcription request, transcribe_count: 1
2026-05-21 23:57:42.985 - RealTimeSTT: realtimestt - DEBUG - Receive from parent_transcription_pipe after sendiung transcription request, transcribe_count: 1
2026-05-21 23:57:43.094 - RealTimeSTT: realtimestt - DEBUG - Receive from parent_transcription_pipe after sendiung transcription request, transcribe_count: 1
2026-05-21 23:57:43.203 - RealTimeSTT: realtimestt - DEBUG - Receive from parent_transcription_pipe after sendiung transcription request, transcribe_count: 1
2026-05-21 23:57:43.312 - RealTimeSTT: realtimestt - DEBUG - Receive from parent_transcription_pipe after sendiung transcription request, transcribe_count: 1
2026-05-21 23:57:43.421 - RealTimeSTT: realtimestt - DEBUG - Receive from parent_transcription_pipe after sendiung transcription request, transcribe_count: 1
2026-05-21 23:57:43.533 - RealTimeSTT: realtimestt - DEBUG - Receive from parent_transcription_pipe after sendiung transcription request, transcribe_count: 1
2026-05-21 23:57:43.630 - RealTimeSTT: realtimestt - INFO - State changed from 'recording' to 'inactive'
2026-05-21 23:57:43.631 - RealTimeSTT: realtimestt - DEBUG - Model small completed transcription in 3.07 seconds
2026-05-21 23:57:43.631 - RealTimeSTT: realtimestt - INFO - Setting listen time
2026-05-21 23:57:43.631 - RealTimeSTT: realtimestt - DEBUG - Waiting for recording stop
2026-05-21 23:57:44.254 - RealTimeSTT: realtimestt - INFO - recording stopped
2026-05-21 23:57:44.256 - RealTimeSTT: realtimestt - DEBUG - No samples removed, final audio length: 50176
2026-05-21 23:57:44.256 - RealTimeSTT: realtimestt - INFO - State changed from 'inactive' to 'transcribing'
2026-05-21 23:57:44.256 - RealTimeSTT: realtimestt - DEBUG - Adding transcription request, no early transcription started
2026-05-21 23:57:44.257 - RealTimeSTT: realtimestt - DEBUG - Receive from parent_transcription_pipe after sendiung transcription request, transcribe_count: 1
2026-05-21 23:57:44.365 - RealTimeSTT: realtimestt - DEBUG - Receive from parent_transcription_pipe after sendiung transcription request, transcribe_count: 1
2026-05-21 23:57:44.476 - RealTimeSTT: realtimestt - DEBUG - Receive from parent_transcription_pipe after sendiung transcription request, transcribe_count: 1
2026-05-21 23:57:44.586 - RealTimeSTT: realtimestt - DEBUG - Receive from parent_transcription_pipe after sendiung transcription request, transcribe_count: 1
2026-05-21 23:57:44.698 - RealTimeSTT: realtimestt - DEBUG - Receive from parent_transcription_pipe after sendiung transcription request, transcribe_count: 1
2026-05-21 23:57:44.808 - RealTimeSTT: realtimestt - DEBUG - Receive from parent_transcription_pipe after sendiung transcription request, transcribe_count: 1
2026-05-21 23:57:44.917 - RealTimeSTT: realtimestt - DEBUG - Receive from parent_transcription_pipe after sendiung transcription request, transcribe_count: 1
2026-05-21 23:57:45.027 - RealTimeSTT: realtimestt - DEBUG - Receive from parent_transcription_pipe after sendiung transcription request, transcribe_count: 1
2026-05-21 23:57:45.092 - RealTimeSTT: realtimestt - INFO - voice activity detected
2026-05-21 23:57:45.092 - RealTimeSTT: realtimestt - INFO - recording started
2026-05-21 23:57:45.092 - RealTimeSTT: realtimestt - INFO - State changed from 'transcribing' to 'recording'
2026-05-21 23:57:45.136 - RealTimeSTT: realtimestt - DEBUG - Receive from parent_transcription_pipe after sendiung transcription request, transcribe_count: 1
2026-05-21 23:57:45.247 - RealTimeSTT: realtimestt - DEBUG - Receive from parent_transcription_pipe after sendiung transcription request, transcribe_count: 1
2026-05-21 23:57:45.356 - RealTimeSTT: realtimestt - DEBUG - Receive from parent_transcription_pipe after sendiung transcription request, transcribe_count: 1
2026-05-21 23:57:45.466 - RealTimeSTT: realtimestt - DEBUG - Receive from parent_transcription_pipe after sendiung transcription request, transcribe_count: 1
2026-05-21 23:57:45.577 - RealTimeSTT: realtimestt - DEBUG - Receive from parent_transcription_pipe after sendiung transcription request, transcribe_count: 1
2026-05-21 23:57:45.689 - RealTimeSTT: realtimestt - DEBUG - Receive from parent_transcription_pipe after sendiung transcription request, transcribe_count: 1
2026-05-21 23:57:45.798 - RealTimeSTT: realtimestt - DEBUG - Receive from parent_transcription_pipe after sendiung transcription request, transcribe_count: 1
2026-05-21 23:57:45.908 - RealTimeSTT: realtimestt - DEBUG - Receive from parent_transcription_pipe after sendiung transcription request, transcribe_count: 1
2026-05-21 23:57:46.017 - RealTimeSTT: realtimestt - DEBUG - Receive from parent_transcription_pipe after sendiung transcription request, transcribe_count: 1
2026-05-21 23:57:46.125 - RealTimeSTT: realtimestt - DEBUG - Receive from parent_transcription_pipe after sendiung transcription request, transcribe_count: 1
2026-05-21 23:57:46.234 - RealTimeSTT: realtimestt - DEBUG - Receive from parent_transcription_pipe after sendiung transcription request, transcribe_count: 1
2026-05-21 23:57:46.343 - RealTimeSTT: realtimestt - DEBUG - Receive from parent_transcription_pipe after sendiung transcription request, transcribe_count: 1
2026-05-21 23:57:46.454 - RealTimeSTT: realtimestt - DEBUG - Receive from parent_transcription_pipe after sendiung transcription request, transcribe_count: 1
2026-05-21 23:57:46.563 - RealTimeSTT: realtimestt - DEBUG - Receive from parent_transcription_pipe after sendiung transcription request, transcribe_count: 1
2026-05-21 23:57:46.671 - RealTimeSTT: realtimestt - DEBUG - Receive from parent_transcription_pipe after sendiung transcription request, transcribe_count: 1
2026-05-21 23:57:46.687 - RealTimeSTT: realtimestt - INFO - recording stopped
2026-05-21 23:57:46.781 - RealTimeSTT: realtimestt - DEBUG - Receive from parent_transcription_pipe after sendiung transcription request, transcribe_count: 1
2026-05-21 23:57:46.890 - RealTimeSTT: realtimestt - DEBUG - Receive from parent_transcription_pipe after sendiung transcription request, transcribe_count: 1
2026-05-21 23:57:47.001 - RealTimeSTT: realtimestt - DEBUG - Receive from parent_transcription_pipe after sendiung transcription request, transcribe_count: 1
2026-05-21 23:57:47.109 - RealTimeSTT: realtimestt - DEBUG - Receive from parent_transcription_pipe after sendiung transcription request, transcribe_count: 1
2026-05-21 23:57:47.218 - RealTimeSTT: realtimestt - DEBUG - Receive from parent_transcription_pipe after sendiung transcription request, transcribe_count: 1
2026-05-21 23:57:47.328 - RealTimeSTT: realtimestt - DEBUG - Receive from parent_transcription_pipe after sendiung transcription request, transcribe_count: 1
2026-05-21 23:57:47.351 - RealTimeSTT: realtimestt - INFO - State changed from 'recording' to 'inactive'
2026-05-21 23:57:47.353 - RealTimeSTT: realtimestt - DEBUG - Model small completed transcription in 3.10 seconds
2026-05-21 23:57:47.354 - RealTimeSTT: realtimestt - INFO - Setting listen time
2026-05-21 23:57:47.355 - RealTimeSTT: realtimestt - DEBUG - No samples removed, final audio length: 39424
2026-05-21 23:57:47.355 - RealTimeSTT: realtimestt - INFO - State changed from 'inactive' to 'transcribing'
2026-05-21 23:57:47.355 - RealTimeSTT: realtimestt - DEBUG - Adding transcription request, no early transcription started
2026-05-21 23:57:47.355 - RealTimeSTT: realtimestt - DEBUG - Receive from parent_transcription_pipe after sendiung transcription request, transcribe_count: 1
2026-05-21 23:57:47.468 - RealTimeSTT: realtimestt - DEBUG - Receive from parent_transcription_pipe after sendiung transcription request, transcribe_count: 1
2026-05-21 23:57:47.578 - RealTimeSTT: realtimestt - DEBUG - Receive from parent_transcription_pipe after sendiung transcription request, transcribe_count: 1
2026-05-21 23:57:47.689 - RealTimeSTT: realtimestt - DEBUG - Receive from parent_transcription_pipe after sendiung transcription request, transcribe_count: 1
2026-05-21 23:57:47.801 - RealTimeSTT: realtimestt - DEBUG - Receive from parent_transcription_pipe after sendiung transcription request, transcribe_count: 1
2026-05-21 23:57:47.911 - RealTimeSTT: realtimestt - DEBUG - Receive from parent_transcription_pipe after sendiung transcription request, transcribe_count: 1
2026-05-21 23:57:48.020 - RealTimeSTT: realtimestt - DEBUG - Receive from parent_transcription_pipe after sendiung transcription request, transcribe_count: 1
2026-05-21 23:57:48.128 - RealTimeSTT: realtimestt - DEBUG - Receive from parent_transcription_pipe after sendiung transcription request, transcribe_count: 1
2026-05-21 23:57:48.239 - RealTimeSTT: realtimestt - DEBUG - Receive from parent_transcription_pipe after sendiung transcription request, transcribe_count: 1
2026-05-21 23:57:48.347 - RealTimeSTT: realtimestt - DEBUG - Receive from parent_transcription_pipe after sendiung transcription request, transcribe_count: 1
2026-05-21 23:57:48.458 - RealTimeSTT: realtimestt - DEBUG - Receive from parent_transcription_pipe after sendiung transcription request, transcribe_count: 1
2026-05-21 23:57:48.567 - RealTimeSTT: realtimestt - DEBUG - Receive from parent_transcription_pipe after sendiung transcription request, transcribe_count: 1
2026-05-21 23:57:48.679 - RealTimeSTT: realtimestt - DEBUG - Receive from parent_transcription_pipe after sendiung transcription request, transcribe_count: 1
2026-05-21 23:57:48.789 - RealTimeSTT: realtimestt - DEBUG - Receive from parent_transcription_pipe after sendiung transcription request, transcribe_count: 1
2026-05-21 23:57:48.900 - RealTimeSTT: realtimestt - DEBUG - Receive from parent_transcription_pipe after sendiung transcription request, transcribe_count: 1
2026-05-21 23:57:49.009 - RealTimeSTT: realtimestt - DEBUG - Receive from parent_transcription_pipe after sendiung transcription request, transcribe_count: 1
2026-05-21 23:57:49.121 - RealTimeSTT: realtimestt - DEBUG - Receive from parent_transcription_pipe after sendiung transcription request, transcribe_count: 1
2026-05-21 23:57:49.232 - RealTimeSTT: realtimestt - DEBUG - Receive from parent_transcription_pipe after sendiung transcription request, transcribe_count: 1
2026-05-21 23:57:49.343 - RealTimeSTT: realtimestt - DEBUG - Receive from parent_transcription_pipe after sendiung transcription request, transcribe_count: 1
2026-05-21 23:57:49.455 - RealTimeSTT: realtimestt - DEBUG - Receive from parent_transcription_pipe after sendiung transcription request, transcribe_count: 1
2026-05-21 23:57:49.563 - RealTimeSTT: realtimestt - DEBUG - Receive from parent_transcription_pipe after sendiung transcription request, transcribe_count: 1
2026-05-21 23:57:49.675 - RealTimeSTT: realtimestt - DEBUG - Receive from parent_transcription_pipe after sendiung transcription request, transcribe_count: 1
2026-05-21 23:57:49.785 - RealTimeSTT: realtimestt - DEBUG - Receive from parent_transcription_pipe after sendiung transcription request, transcribe_count: 1
2026-05-21 23:57:49.895 - RealTimeSTT: realtimestt - DEBUG - Receive from parent_transcription_pipe after sendiung transcription request, transcribe_count: 1
2026-05-21 23:57:50.005 - RealTimeSTT: realtimestt - DEBUG - Receive from parent_transcription_pipe after sendiung transcription request, transcribe_count: 1
2026-05-21 23:57:50.115 - RealTimeSTT: realtimestt - DEBUG - Receive from parent_transcription_pipe after sendiung transcription request, transcribe_count: 1
2026-05-21 23:57:50.224 - RealTimeSTT: realtimestt - DEBUG - Receive from parent_transcription_pipe after sendiung transcription request, transcribe_count: 1
2026-05-21 23:57:50.334 - RealTimeSTT: realtimestt - DEBUG - Receive from parent_transcription_pipe after sendiung transcription request, transcribe_count: 1
2026-05-21 23:57:50.444 - RealTimeSTT: realtimestt - DEBUG - Receive from parent_transcription_pipe after sendiung transcription request, transcribe_count: 1
2026-05-21 23:57:50.454 - RealTimeSTT: realtimestt - INFO - State changed from 'transcribing' to 'inactive'
2026-05-21 23:57:50.455 - RealTimeSTT: realtimestt - DEBUG - Model small completed transcription in 3.10 seconds
2026-05-21 23:57:50.456 - RealTimeSTT: realtimestt - INFO - Setting listen time
2026-05-21 23:57:50.456 - RealTimeSTT: realtimestt - INFO - State changed from 'inactive' to 'listening'
2026-05-21 23:57:50.456 - RealTimeSTT: realtimestt - DEBUG - Waiting for recording start
2026-05-21 23:58:01.639 - RealTimeSTT: realtimestt - INFO - voice activity detected
2026-05-21 23:58:01.639 - RealTimeSTT: realtimestt - INFO - recording started
2026-05-21 23:58:01.639 - RealTimeSTT: realtimestt - INFO - State changed from 'listening' to 'recording'
2026-05-21 23:58:01.639 - RealTimeSTT: realtimestt - DEBUG - Waiting for recording stop
2026-05-21 23:58:03.467 - RealTimeSTT: realtimestt - INFO - recording stopped
2026-05-21 23:58:03.469 - RealTimeSTT: realtimestt - DEBUG - No samples removed, final audio length: 45056
2026-05-21 23:58:03.469 - RealTimeSTT: realtimestt - INFO - State changed from 'recording' to 'inactive'
2026-05-21 23:58:03.469 - RealTimeSTT: realtimestt - INFO - State changed from 'inactive' to 'transcribing'
2026-05-21 23:58:03.469 - RealTimeSTT: realtimestt - DEBUG - Adding transcription request, no early transcription started
2026-05-21 23:58:03.471 - RealTimeSTT: realtimestt - DEBUG - Receive from parent_transcription_pipe after sendiung transcription request, transcribe_count: 1
2026-05-21 23:58:03.575 - RealTimeSTT: realtimestt - DEBUG - Receive from parent_transcription_pipe after sendiung transcription request, transcribe_count: 1
2026-05-21 23:58:03.685 - RealTimeSTT: realtimestt - DEBUG - Receive from parent_transcription_pipe after sendiung transcription request, transcribe_count: 1
2026-05-21 23:58:03.797 - RealTimeSTT: realtimestt - DEBUG - Receive from parent_transcription_pipe after sendiung transcription request, transcribe_count: 1
2026-05-21 23:58:03.907 - RealTimeSTT: realtimestt - DEBUG - Receive from parent_transcription_pipe after sendiung transcription request, transcribe_count: 1
2026-05-21 23:58:04.018 - RealTimeSTT: realtimestt - DEBUG - Receive from parent_transcription_pipe after sendiung transcription request, transcribe_count: 1
2026-05-21 23:58:04.128 - RealTimeSTT: realtimestt - DEBUG - Receive from parent_transcription_pipe after sendiung transcription request, transcribe_count: 1
2026-05-21 23:58:04.238 - RealTimeSTT: realtimestt - DEBUG - Receive from parent_transcription_pipe after sendiung transcription request, transcribe_count: 1
2026-05-21 23:58:04.349 - RealTimeSTT: realtimestt - DEBUG - Receive from parent_transcription_pipe after sendiung transcription request, transcribe_count: 1
2026-05-21 23:58:04.459 - RealTimeSTT: realtimestt - DEBUG - Receive from parent_transcription_pipe after sendiung transcription request, transcribe_count: 1
2026-05-21 23:58:04.570 - RealTimeSTT: realtimestt - DEBUG - Receive from parent_transcription_pipe after sendiung transcription request, transcribe_count: 1
2026-05-21 23:58:04.681 - RealTimeSTT: realtimestt - DEBUG - Receive from parent_transcription_pipe after sendiung transcription request, transcribe_count: 1
2026-05-21 23:58:04.791 - RealTimeSTT: realtimestt - DEBUG - Receive from parent_transcription_pipe after sendiung transcription request, transcribe_count: 1
2026-05-21 23:58:04.901 - RealTimeSTT: realtimestt - DEBUG - Receive from parent_transcription_pipe after sendiung transcription request, transcribe_count: 1
2026-05-21 23:58:05.010 - RealTimeSTT: realtimestt - DEBUG - Receive from parent_transcription_pipe after sendiung transcription request, transcribe_count: 1
2026-05-21 23:58:05.120 - RealTimeSTT: realtimestt - DEBUG - Receive from parent_transcription_pipe after sendiung transcription request, transcribe_count: 1
2026-05-21 23:58:05.230 - RealTimeSTT: realtimestt - DEBUG - Receive from parent_transcription_pipe after sendiung transcription request, transcribe_count: 1
2026-05-21 23:58:05.341 - RealTimeSTT: realtimestt - DEBUG - Receive from parent_transcription_pipe after sendiung transcription request, transcribe_count: 1
2026-05-21 23:58:05.452 - RealTimeSTT: realtimestt - DEBUG - Receive from parent_transcription_pipe after sendiung transcription request, transcribe_count: 1
2026-05-21 23:58:05.562 - RealTimeSTT: realtimestt - DEBUG - Receive from parent_transcription_pipe after sendiung transcription request, transcribe_count: 1
2026-05-21 23:58:05.673 - RealTimeSTT: realtimestt - DEBUG - Receive from parent_transcription_pipe after sendiung transcription request, transcribe_count: 1
2026-05-21 23:58:05.783 - RealTimeSTT: realtimestt - DEBUG - Receive from parent_transcription_pipe after sendiung transcription request, transcribe_count: 1
2026-05-21 23:58:05.893 - RealTimeSTT: realtimestt - DEBUG - Receive from parent_transcription_pipe after sendiung transcription request, transcribe_count: 1
2026-05-21 23:58:06.004 - RealTimeSTT: realtimestt - DEBUG - Receive from parent_transcription_pipe after sendiung transcription request, transcribe_count: 1
2026-05-21 23:58:06.115 - RealTimeSTT: realtimestt - DEBUG - Receive from parent_transcription_pipe after sendiung transcription request, transcribe_count: 1
2026-05-21 23:58:06.225 - RealTimeSTT: realtimestt - DEBUG - Receive from parent_transcription_pipe after sendiung transcription request, transcribe_count: 1
2026-05-21 23:58:06.334 - RealTimeSTT: realtimestt - DEBUG - Receive from parent_transcription_pipe after sendiung transcription request, transcribe_count: 1
2026-05-21 23:58:06.444 - RealTimeSTT: realtimestt - DEBUG - Receive from parent_transcription_pipe after sendiung transcription request, transcribe_count: 1
2026-05-21 23:58:06.531 - RealTimeSTT: realtimestt - INFO - State changed from 'transcribing' to 'inactive'
2026-05-21 23:58:06.531 - RealTimeSTT: realtimestt - DEBUG - Model small completed transcription in 3.06 seconds
2026-05-21 23:58:06.533 - RealTimeSTT: realtimestt - INFO - Setting listen time
2026-05-21 23:58:06.533 - RealTimeSTT: realtimestt - INFO - State changed from 'inactive' to 'listening'
2026-05-21 23:58:06.533 - RealTimeSTT: realtimestt - DEBUG - Waiting for recording start
2026-05-21 23:58:11.249 - RealTimeSTT: realtimestt - INFO - voice activity detected
2026-05-21 23:58:11.250 - RealTimeSTT: realtimestt - INFO - recording started
2026-05-21 23:58:11.250 - RealTimeSTT: realtimestt - INFO - State changed from 'listening' to 'recording'
2026-05-21 23:58:11.250 - RealTimeSTT: realtimestt - DEBUG - Waiting for recording stop
2026-05-21 23:58:12.921 - RealTimeSTT: realtimestt - INFO - recording stopped
2026-05-21 23:58:12.924 - RealTimeSTT: realtimestt - DEBUG - No samples removed, final audio length: 43008
2026-05-21 23:58:12.924 - RealTimeSTT: realtimestt - INFO - State changed from 'recording' to 'inactive'
2026-05-21 23:58:12.924 - RealTimeSTT: realtimestt - INFO - State changed from 'inactive' to 'transcribing'
2026-05-21 23:58:12.924 - RealTimeSTT: realtimestt - DEBUG - Adding transcription request, no early transcription started
2026-05-21 23:58:12.927 - RealTimeSTT: realtimestt - DEBUG - Receive from parent_transcription_pipe after sendiung transcription request, transcribe_count: 1
2026-05-21 23:58:13.031 - RealTimeSTT: realtimestt - DEBUG - Receive from parent_transcription_pipe after sendiung transcription request, transcribe_count: 1
2026-05-21 23:58:13.139 - RealTimeSTT: realtimestt - DEBUG - Receive from parent_transcription_pipe after sendiung transcription request, transcribe_count: 1
2026-05-21 23:58:13.249 - RealTimeSTT: realtimestt - DEBUG - Receive from parent_transcription_pipe after sendiung transcription request, transcribe_count: 1
2026-05-21 23:58:13.357 - RealTimeSTT: realtimestt - DEBUG - Receive from parent_transcription_pipe after sendiung transcription request, transcribe_count: 1
2026-05-21 23:58:13.469 - RealTimeSTT: realtimestt - DEBUG - Receive from parent_transcription_pipe after sendiung transcription request, transcribe_count: 1
2026-05-21 23:58:13.578 - RealTimeSTT: realtimestt - DEBUG - Receive from parent_transcription_pipe after sendiung transcription request, transcribe_count: 1
2026-05-21 23:58:13.687 - RealTimeSTT: realtimestt - DEBUG - Receive from parent_transcription_pipe after sendiung transcription request, transcribe_count: 1
2026-05-21 23:58:13.797 - RealTimeSTT: realtimestt - DEBUG - Receive from parent_transcription_pipe after sendiung transcription request, transcribe_count: 1
2026-05-21 23:58:13.905 - RealTimeSTT: realtimestt - DEBUG - Receive from parent_transcription_pipe after sendiung transcription request, transcribe_count: 1
2026-05-21 23:58:14.014 - RealTimeSTT: realtimestt - DEBUG - Receive from parent_transcription_pipe after sendiung transcription request, transcribe_count: 1
2026-05-21 23:58:14.123 - RealTimeSTT: realtimestt - DEBUG - Receive from parent_transcription_pipe after sendiung transcription request, transcribe_count: 1
2026-05-21 23:58:14.231 - RealTimeSTT: realtimestt - DEBUG - Receive from parent_transcription_pipe after sendiung transcription request, transcribe_count: 1
2026-05-21 23:58:14.341 - RealTimeSTT: realtimestt - DEBUG - Receive from parent_transcription_pipe after sendiung transcription request, transcribe_count: 1
2026-05-21 23:58:14.452 - RealTimeSTT: realtimestt - DEBUG - Receive from parent_transcription_pipe after sendiung transcription request, transcribe_count: 1
2026-05-21 23:58:14.563 - RealTimeSTT: realtimestt - DEBUG - Receive from parent_transcription_pipe after sendiung transcription request, transcribe_count: 1
2026-05-21 23:58:14.672 - RealTimeSTT: realtimestt - DEBUG - Receive from parent_transcription_pipe after sendiung transcription request, transcribe_count: 1
2026-05-21 23:58:14.781 - RealTimeSTT: realtimestt - DEBUG - Receive from parent_transcription_pipe after sendiung transcription request, transcribe_count: 1
2026-05-21 23:58:14.890 - RealTimeSTT: realtimestt - DEBUG - Receive from parent_transcription_pipe after sendiung transcription request, transcribe_count: 1
2026-05-21 23:58:14.998 - RealTimeSTT: realtimestt - DEBUG - Receive from parent_transcription_pipe after sendiung transcription request, transcribe_count: 1
2026-05-21 23:58:15.108 - RealTimeSTT: realtimestt - DEBUG - Receive from parent_transcription_pipe after sendiung transcription request, transcribe_count: 1
2026-05-21 23:58:15.215 - RealTimeSTT: realtimestt - DEBUG - Receive from parent_transcription_pipe after sendiung transcription request, transcribe_count: 1
2026-05-21 23:58:15.325 - RealTimeSTT: realtimestt - DEBUG - Receive from parent_transcription_pipe after sendiung transcription request, transcribe_count: 1
2026-05-21 23:58:15.435 - RealTimeSTT: realtimestt - DEBUG - Receive from parent_transcription_pipe after sendiung transcription request, transcribe_count: 1
2026-05-21 23:58:15.544 - RealTimeSTT: realtimestt - DEBUG - Receive from parent_transcription_pipe after sendiung transcription request, transcribe_count: 1
2026-05-21 23:58:15.654 - RealTimeSTT: realtimestt - DEBUG - Receive from parent_transcription_pipe after sendiung transcription request, transcribe_count: 1
2026-05-21 23:58:15.762 - RealTimeSTT: realtimestt - DEBUG - Receive from parent_transcription_pipe after sendiung transcription request, transcribe_count: 1
2026-05-21 23:58:15.872 - RealTimeSTT: realtimestt - DEBUG - Receive from parent_transcription_pipe after sendiung transcription request, transcribe_count: 1
2026-05-21 23:58:15.981 - RealTimeSTT: realtimestt - DEBUG - Receive from parent_transcription_pipe after sendiung transcription request, transcribe_count: 1
2026-05-21 23:58:16.092 - RealTimeSTT: realtimestt - DEBUG - Receive from parent_transcription_pipe after sendiung transcription request, transcribe_count: 1
2026-05-21 23:58:16.202 - RealTimeSTT: realtimestt - DEBUG - Receive from parent_transcription_pipe after sendiung transcription request, transcribe_count: 1
2026-05-21 23:58:16.313 - RealTimeSTT: realtimestt - DEBUG - Receive from parent_transcription_pipe after sendiung transcription request, transcribe_count: 1
2026-05-21 23:58:16.421 - RealTimeSTT: realtimestt - DEBUG - Receive from parent_transcription_pipe after sendiung transcription request, transcribe_count: 1
2026-05-21 23:58:16.531 - RealTimeSTT: realtimestt - DEBUG - Receive from parent_transcription_pipe after sendiung transcription request, transcribe_count: 1
2026-05-21 23:58:16.641 - RealTimeSTT: realtimestt - DEBUG - Receive from parent_transcription_pipe after sendiung transcription request, transcribe_count: 1
2026-05-21 23:58:16.679 - RealTimeSTT: realtimestt - INFO - State changed from 'transcribing' to 'inactive'
2026-05-21 23:58:16.680 - RealTimeSTT: realtimestt - DEBUG - Model small completed transcription in 3.76 seconds
2026-05-21 23:58:16.681 - RealTimeSTT: realtimestt - INFO - Setting listen time
2026-05-21 23:58:16.681 - RealTimeSTT: realtimestt - INFO - State changed from 'inactive' to 'listening'
2026-05-21 23:58:16.681 - RealTimeSTT: realtimestt - DEBUG - Waiting for recording start
2026-05-21 23:58:20.091 - RealTimeSTT: realtimestt - INFO - voice activity detected
2026-05-21 23:58:20.091 - RealTimeSTT: realtimestt - INFO - recording started
2026-05-21 23:58:20.091 - RealTimeSTT: realtimestt - INFO - State changed from 'listening' to 'recording'
2026-05-21 23:58:20.091 - RealTimeSTT: realtimestt - DEBUG - Waiting for recording stop
2026-05-21 23:58:21.245 - RealTimeSTT: realtimestt - INFO - recording stopped
2026-05-21 23:58:21.247 - RealTimeSTT: realtimestt - DEBUG - No samples removed, final audio length: 34816
2026-05-21 23:58:21.248 - RealTimeSTT: realtimestt - INFO - State changed from 'recording' to 'inactive'
2026-05-21 23:58:21.248 - RealTimeSTT: realtimestt - INFO - State changed from 'inactive' to 'transcribing'
2026-05-21 23:58:21.248 - RealTimeSTT: realtimestt - DEBUG - Adding transcription request, no early transcription started
2026-05-21 23:58:21.265 - RealTimeSTT: realtimestt - DEBUG - Receive from parent_transcription_pipe after sendiung transcription request, transcribe_count: 1
2026-05-21 23:58:21.370 - RealTimeSTT: realtimestt - DEBUG - Receive from parent_transcription_pipe after sendiung transcription request, transcribe_count: 1
2026-05-21 23:58:21.479 - RealTimeSTT: realtimestt - DEBUG - Receive from parent_transcription_pipe after sendiung transcription request, transcribe_count: 1
2026-05-21 23:58:21.588 - RealTimeSTT: realtimestt - DEBUG - Receive from parent_transcription_pipe after sendiung transcription request, transcribe_count: 1
2026-05-21 23:58:21.699 - RealTimeSTT: realtimestt - DEBUG - Receive from parent_transcription_pipe after sendiung transcription request, transcribe_count: 1
2026-05-21 23:58:21.808 - RealTimeSTT: realtimestt - DEBUG - Receive from parent_transcription_pipe after sendiung transcription request, transcribe_count: 1
2026-05-21 23:58:21.916 - RealTimeSTT: realtimestt - DEBUG - Receive from parent_transcription_pipe after sendiung transcription request, transcribe_count: 1
2026-05-21 23:58:22.026 - RealTimeSTT: realtimestt - DEBUG - Receive from parent_transcription_pipe after sendiung transcription request, transcribe_count: 1
2026-05-21 23:58:22.137 - RealTimeSTT: realtimestt - DEBUG - Receive from parent_transcription_pipe after sendiung transcription request, transcribe_count: 1
2026-05-21 23:58:22.247 - RealTimeSTT: realtimestt - DEBUG - Receive from parent_transcription_pipe after sendiung transcription request, transcribe_count: 1
2026-05-21 23:58:22.356 - RealTimeSTT: realtimestt - DEBUG - Receive from parent_transcription_pipe after sendiung transcription request, transcribe_count: 1
2026-05-21 23:58:22.466 - RealTimeSTT: realtimestt - DEBUG - Receive from parent_transcription_pipe after sendiung transcription request, transcribe_count: 1
2026-05-21 23:58:22.575 - RealTimeSTT: realtimestt - DEBUG - Receive from parent_transcription_pipe after sendiung transcription request, transcribe_count: 1
2026-05-21 23:58:22.686 - RealTimeSTT: realtimestt - DEBUG - Receive from parent_transcription_pipe after sendiung transcription request, transcribe_count: 1
2026-05-21 23:58:22.797 - RealTimeSTT: realtimestt - DEBUG - Receive from parent_transcription_pipe after sendiung transcription request, transcribe_count: 1
2026-05-21 23:58:22.906 - RealTimeSTT: realtimestt - DEBUG - Receive from parent_transcription_pipe after sendiung transcription request, transcribe_count: 1
2026-05-21 23:58:23.016 - RealTimeSTT: realtimestt - DEBUG - Receive from parent_transcription_pipe after sendiung transcription request, transcribe_count: 1
2026-05-21 23:58:23.125 - RealTimeSTT: realtimestt - DEBUG - Receive from parent_transcription_pipe after sendiung transcription request, transcribe_count: 1
2026-05-21 23:58:23.234 - RealTimeSTT: realtimestt - DEBUG - Receive from parent_transcription_pipe after sendiung transcription request, transcribe_count: 1
2026-05-21 23:58:23.344 - RealTimeSTT: realtimestt - DEBUG - Receive from parent_transcription_pipe after sendiung transcription request, transcribe_count: 1
2026-05-21 23:58:23.452 - RealTimeSTT: realtimestt - DEBUG - Receive from parent_transcription_pipe after sendiung transcription request, transcribe_count: 1
2026-05-21 23:58:23.563 - RealTimeSTT: realtimestt - DEBUG - Receive from parent_transcription_pipe after sendiung transcription request, transcribe_count: 1
2026-05-21 23:58:23.673 - RealTimeSTT: realtimestt - DEBUG - Receive from parent_transcription_pipe after sendiung transcription request, transcribe_count: 1
2026-05-21 23:58:23.783 - RealTimeSTT: realtimestt - DEBUG - Receive from parent_transcription_pipe after sendiung transcription request, transcribe_count: 1
2026-05-21 23:58:23.894 - RealTimeSTT: realtimestt - DEBUG - Receive from parent_transcription_pipe after sendiung transcription request, transcribe_count: 1
2026-05-21 23:58:24.003 - RealTimeSTT: realtimestt - DEBUG - Receive from parent_transcription_pipe after sendiung transcription request, transcribe_count: 1
2026-05-21 23:58:24.113 - RealTimeSTT: realtimestt - DEBUG - Receive from parent_transcription_pipe after sendiung transcription request, transcribe_count: 1
2026-05-21 23:58:24.223 - RealTimeSTT: realtimestt - DEBUG - Receive from parent_transcription_pipe after sendiung transcription request, transcribe_count: 1
2026-05-21 23:58:24.333 - RealTimeSTT: realtimestt - DEBUG - Receive from parent_transcription_pipe after sendiung transcription request, transcribe_count: 1
2026-05-21 23:58:24.383 - RealTimeSTT: realtimestt - INFO - State changed from 'transcribing' to 'inactive'
2026-05-21 23:58:24.384 - RealTimeSTT: realtimestt - DEBUG - Model small completed transcription in 3.14 seconds
2026-05-21 23:58:24.385 - RealTimeSTT: realtimestt - INFO - Setting listen time
2026-05-21 23:58:24.385 - RealTimeSTT: realtimestt - INFO - State changed from 'inactive' to 'listening'
2026-05-21 23:58:24.385 - RealTimeSTT: realtimestt - DEBUG - Waiting for recording start
2026-05-21 23:58:24.816 - RealTimeSTT: realtimestt - INFO - voice activity detected
2026-05-21 23:58:24.816 - RealTimeSTT: realtimestt - INFO - recording started
2026-05-21 23:58:24.818 - RealTimeSTT: realtimestt - INFO - State changed from 'listening' to 'recording'
2026-05-21 23:58:24.818 - RealTimeSTT: realtimestt - DEBUG - Waiting for recording stop
2026-05-21 23:58:26.364 - RealTimeSTT: realtimestt - INFO - recording stopped
2026-05-21 23:58:26.366 - RealTimeSTT: realtimestt - DEBUG - No samples removed, final audio length: 40960
2026-05-21 23:58:26.366 - RealTimeSTT: realtimestt - INFO - State changed from 'recording' to 'inactive'
2026-05-21 23:58:26.366 - RealTimeSTT: realtimestt - INFO - State changed from 'inactive' to 'transcribing'
2026-05-21 23:58:26.366 - RealTimeSTT: realtimestt - DEBUG - Adding transcription request, no early transcription started
2026-05-21 23:58:26.369 - RealTimeSTT: realtimestt - DEBUG - Receive from parent_transcription_pipe after sendiung transcription request, transcribe_count: 1
2026-05-21 23:58:26.474 - RealTimeSTT: realtimestt - DEBUG - Receive from parent_transcription_pipe after sendiung transcription request, transcribe_count: 1
2026-05-21 23:58:26.584 - RealTimeSTT: realtimestt - DEBUG - Receive from parent_transcription_pipe after sendiung transcription request, transcribe_count: 1
2026-05-21 23:58:26.694 - RealTimeSTT: realtimestt - DEBUG - Receive from parent_transcription_pipe after sendiung transcription request, transcribe_count: 1
2026-05-21 23:58:26.741 - RealTimeSTT: realtimestt - INFO - voice activity detected
2026-05-21 23:58:26.741 - RealTimeSTT: realtimestt - INFO - recording started
2026-05-21 23:58:26.741 - RealTimeSTT: realtimestt - INFO - State changed from 'transcribing' to 'recording'
2026-05-21 23:58:26.804 - RealTimeSTT: realtimestt - DEBUG - Receive from parent_transcription_pipe after sendiung transcription request, transcribe_count: 1
2026-05-21 23:58:26.913 - RealTimeSTT: realtimestt - DEBUG - Receive from parent_transcription_pipe after sendiung transcription request, transcribe_count: 1
2026-05-21 23:58:27.022 - RealTimeSTT: realtimestt - DEBUG - Receive from parent_transcription_pipe after sendiung transcription request, transcribe_count: 1
2026-05-21 23:58:27.131 - RealTimeSTT: realtimestt - DEBUG - Receive from parent_transcription_pipe after sendiung transcription request, transcribe_count: 1
2026-05-21 23:58:27.240 - RealTimeSTT: realtimestt - DEBUG - Receive from parent_transcription_pipe after sendiung transcription request, transcribe_count: 1
2026-05-21 23:58:27.350 - RealTimeSTT: realtimestt - DEBUG - Receive from parent_transcription_pipe after sendiung transcription request, transcribe_count: 1
2026-05-21 23:58:27.460 - RealTimeSTT: realtimestt - DEBUG - Receive from parent_transcription_pipe after sendiung transcription request, transcribe_count: 1
2026-05-21 23:58:27.570 - RealTimeSTT: realtimestt - DEBUG - Receive from parent_transcription_pipe after sendiung transcription request, transcribe_count: 1
2026-05-21 23:58:27.679 - RealTimeSTT: realtimestt - DEBUG - Receive from parent_transcription_pipe after sendiung transcription request, transcribe_count: 1
2026-05-21 23:58:27.788 - RealTimeSTT: realtimestt - DEBUG - Receive from parent_transcription_pipe after sendiung transcription request, transcribe_count: 1
2026-05-21 23:58:27.898 - RealTimeSTT: realtimestt - DEBUG - Receive from parent_transcription_pipe after sendiung transcription request, transcribe_count: 1
2026-05-21 23:58:27.977 - RealTimeSTT: realtimestt - INFO - recording stopped
2026-05-21 23:58:28.009 - RealTimeSTT: realtimestt - DEBUG - Receive from parent_transcription_pipe after sendiung transcription request, transcribe_count: 1
2026-05-21 23:58:28.119 - RealTimeSTT: realtimestt - DEBUG - Receive from parent_transcription_pipe after sendiung transcription request, transcribe_count: 1
2026-05-21 23:58:28.230 - RealTimeSTT: realtimestt - DEBUG - Receive from parent_transcription_pipe after sendiung transcription request, transcribe_count: 1
2026-05-21 23:58:28.340 - RealTimeSTT: realtimestt - DEBUG - Receive from parent_transcription_pipe after sendiung transcription request, transcribe_count: 1
2026-05-21 23:58:28.450 - RealTimeSTT: realtimestt - DEBUG - Receive from parent_transcription_pipe after sendiung transcription request, transcribe_count: 1
2026-05-21 23:58:28.560 - RealTimeSTT: realtimestt - DEBUG - Receive from parent_transcription_pipe after sendiung transcription request, transcribe_count: 1
2026-05-21 23:58:28.669 - RealTimeSTT: realtimestt - DEBUG - Receive from parent_transcription_pipe after sendiung transcription request, transcribe_count: 1
2026-05-21 23:58:28.778 - RealTimeSTT: realtimestt - DEBUG - Receive from parent_transcription_pipe after sendiung transcription request, transcribe_count: 1
2026-05-21 23:58:28.887 - RealTimeSTT: realtimestt - DEBUG - Receive from parent_transcription_pipe after sendiung transcription request, transcribe_count: 1
2026-05-21 23:58:28.996 - RealTimeSTT: realtimestt - DEBUG - Receive from parent_transcription_pipe after sendiung transcription request, transcribe_count: 1
2026-05-21 23:58:29.108 - RealTimeSTT: realtimestt - DEBUG - Receive from parent_transcription_pipe after sendiung transcription request, transcribe_count: 1
2026-05-21 23:58:29.218 - RealTimeSTT: realtimestt - DEBUG - Receive from parent_transcription_pipe after sendiung transcription request, transcribe_count: 1
2026-05-21 23:58:29.327 - RealTimeSTT: realtimestt - DEBUG - Receive from parent_transcription_pipe after sendiung transcription request, transcribe_count: 1
2026-05-21 23:58:29.438 - RealTimeSTT: realtimestt - DEBUG - Receive from parent_transcription_pipe after sendiung transcription request, transcribe_count: 1
2026-05-21 23:58:29.451 - RealTimeSTT: realtimestt - INFO - State changed from 'recording' to 'inactive'
2026-05-21 23:58:29.452 - RealTimeSTT: realtimestt - DEBUG - Model small completed transcription in 3.08 seconds
2026-05-21 23:58:29.452 - RealTimeSTT: realtimestt - INFO - Setting listen time
2026-05-21 23:58:29.453 - RealTimeSTT: realtimestt - DEBUG - No samples removed, final audio length: 26112
2026-05-21 23:58:29.453 - RealTimeSTT: realtimestt - INFO - State changed from 'inactive' to 'transcribing'
2026-05-21 23:58:29.453 - RealTimeSTT: realtimestt - DEBUG - Adding transcription request, no early transcription started
2026-05-21 23:58:29.453 - RealTimeSTT: realtimestt - DEBUG - Receive from parent_transcription_pipe after sendiung transcription request, transcribe_count: 1
2026-05-21 23:58:29.563 - RealTimeSTT: realtimestt - DEBUG - Receive from parent_transcription_pipe after sendiung transcription request, transcribe_count: 1
2026-05-21 23:58:29.675 - RealTimeSTT: realtimestt - DEBUG - Receive from parent_transcription_pipe after sendiung transcription request, transcribe_count: 1
2026-05-21 23:58:29.785 - RealTimeSTT: realtimestt - DEBUG - Receive from parent_transcription_pipe after sendiung transcription request, transcribe_count: 1
2026-05-21 23:58:29.895 - RealTimeSTT: realtimestt - DEBUG - Receive from parent_transcription_pipe after sendiung transcription request, transcribe_count: 1
2026-05-21 23:58:30.005 - RealTimeSTT: realtimestt - DEBUG - Receive from parent_transcription_pipe after sendiung transcription request, transcribe_count: 1
2026-05-21 23:58:30.115 - RealTimeSTT: realtimestt - DEBUG - Receive from parent_transcription_pipe after sendiung transcription request, transcribe_count: 1
2026-05-21 23:58:30.225 - RealTimeSTT: realtimestt - DEBUG - Receive from parent_transcription_pipe after sendiung transcription request, transcribe_count: 1
2026-05-21 23:58:30.336 - RealTimeSTT: realtimestt - DEBUG - Receive from parent_transcription_pipe after sendiung transcription request, transcribe_count: 1
2026-05-21 23:58:30.446 - RealTimeSTT: realtimestt - DEBUG - Receive from parent_transcription_pipe after sendiung transcription request, transcribe_count: 1
2026-05-21 23:58:30.555 - RealTimeSTT: realtimestt - DEBUG - Receive from parent_transcription_pipe after sendiung transcription request, transcribe_count: 1
2026-05-21 23:58:30.664 - RealTimeSTT: realtimestt - DEBUG - Receive from parent_transcription_pipe after sendiung transcription request, transcribe_count: 1
2026-05-21 23:58:30.775 - RealTimeSTT: realtimestt - DEBUG - Receive from parent_transcription_pipe after sendiung transcription request, transcribe_count: 1
2026-05-21 23:58:30.884 - RealTimeSTT: realtimestt - DEBUG - Receive from parent_transcription_pipe after sendiung transcription request, transcribe_count: 1
2026-05-21 23:58:30.995 - RealTimeSTT: realtimestt - DEBUG - Receive from parent_transcription_pipe after sendiung transcription request, transcribe_count: 1
2026-05-21 23:58:31.105 - RealTimeSTT: realtimestt - DEBUG - Receive from parent_transcription_pipe after sendiung transcription request, transcribe_count: 1
2026-05-21 23:58:31.215 - RealTimeSTT: realtimestt - DEBUG - Receive from parent_transcription_pipe after sendiung transcription request, transcribe_count: 1
2026-05-21 23:58:31.326 - RealTimeSTT: realtimestt - DEBUG - Receive from parent_transcription_pipe after sendiung transcription request, transcribe_count: 1
2026-05-21 23:58:31.420 - RealTimeSTT: realtimestt - INFO - voice activity detected
2026-05-21 23:58:31.421 - RealTimeSTT: realtimestt - INFO - recording started
2026-05-21 23:58:31.421 - RealTimeSTT: realtimestt - INFO - State changed from 'transcribing' to 'recording'
2026-05-21 23:58:31.436 - RealTimeSTT: realtimestt - DEBUG - Receive from parent_transcription_pipe after sendiung transcription request, transcribe_count: 1
2026-05-21 23:58:31.548 - RealTimeSTT: realtimestt - DEBUG - Receive from parent_transcription_pipe after sendiung transcription request, transcribe_count: 1
2026-05-21 23:58:31.658 - RealTimeSTT: realtimestt - DEBUG - Receive from parent_transcription_pipe after sendiung transcription request, transcribe_count: 1
2026-05-21 23:58:31.768 - RealTimeSTT: realtimestt - DEBUG - Receive from parent_transcription_pipe after sendiung transcription request, transcribe_count: 1
2026-05-21 23:58:31.877 - RealTimeSTT: realtimestt - DEBUG - Receive from parent_transcription_pipe after sendiung transcription request, transcribe_count: 1
2026-05-21 23:58:31.986 - RealTimeSTT: realtimestt - DEBUG - Receive from parent_transcription_pipe after sendiung transcription request, transcribe_count: 1
2026-05-21 23:58:32.097 - RealTimeSTT: realtimestt - DEBUG - Receive from parent_transcription_pipe after sendiung transcription request, transcribe_count: 1
2026-05-21 23:58:32.206 - RealTimeSTT: realtimestt - DEBUG - Receive from parent_transcription_pipe after sendiung transcription request, transcribe_count: 1
2026-05-21 23:58:32.314 - RealTimeSTT: realtimestt - DEBUG - Receive from parent_transcription_pipe after sendiung transcription request, transcribe_count: 1
2026-05-21 23:58:32.424 - RealTimeSTT: realtimestt - DEBUG - Receive from parent_transcription_pipe after sendiung transcription request, transcribe_count: 1
2026-05-21 23:58:32.521 - RealTimeSTT: realtimestt - INFO - State changed from 'recording' to 'inactive'
2026-05-21 23:58:32.521 - RealTimeSTT: realtimestt - DEBUG - Model small completed transcription in 3.07 seconds
2026-05-21 23:58:32.522 - RealTimeSTT: realtimestt - INFO - Setting listen time
2026-05-21 23:58:32.522 - RealTimeSTT: realtimestt - DEBUG - Waiting for recording stop
2026-05-21 23:58:32.952 - RealTimeSTT: realtimestt - INFO - recording stopped
2026-05-21 23:58:32.954 - RealTimeSTT: realtimestt - DEBUG - No samples removed, final audio length: 40960
2026-05-21 23:58:32.955 - RealTimeSTT: realtimestt - INFO - State changed from 'inactive' to 'transcribing'
2026-05-21 23:58:32.955 - RealTimeSTT: realtimestt - DEBUG - Adding transcription request, no early transcription started
2026-05-21 23:58:32.957 - RealTimeSTT: realtimestt - DEBUG - Receive from parent_transcription_pipe after sendiung transcription request, transcribe_count: 1
2026-05-21 23:58:33.063 - RealTimeSTT: realtimestt - DEBUG - Receive from parent_transcription_pipe after sendiung transcription request, transcribe_count: 1
2026-05-21 23:58:33.173 - RealTimeSTT: realtimestt - DEBUG - Receive from parent_transcription_pipe after sendiung transcription request, transcribe_count: 1
2026-05-21 23:58:33.284 - RealTimeSTT: realtimestt - DEBUG - Receive from parent_transcription_pipe after sendiung transcription request, transcribe_count: 1
2026-05-21 23:58:33.395 - RealTimeSTT: realtimestt - DEBUG - Receive from parent_transcription_pipe after sendiung transcription request, transcribe_count: 1
2026-05-21 23:58:33.505 - RealTimeSTT: realtimestt - DEBUG - Receive from parent_transcription_pipe after sendiung transcription request, transcribe_count: 1
2026-05-21 23:58:33.614 - RealTimeSTT: realtimestt - DEBUG - Receive from parent_transcription_pipe after sendiung transcription request, transcribe_count: 1
2026-05-21 23:58:33.725 - RealTimeSTT: realtimestt - DEBUG - Receive from parent_transcription_pipe after sendiung transcription request, transcribe_count: 1
2026-05-21 23:58:33.834 - RealTimeSTT: realtimestt - DEBUG - Receive from parent_transcription_pipe after sendiung transcription request, transcribe_count: 1
2026-05-21 23:58:33.944 - RealTimeSTT: realtimestt - DEBUG - Receive from parent_transcription_pipe after sendiung transcription request, transcribe_count: 1
2026-05-21 23:58:34.054 - RealTimeSTT: realtimestt - DEBUG - Receive from parent_transcription_pipe after sendiung transcription request, transcribe_count: 1
2026-05-21 23:58:34.166 - RealTimeSTT: realtimestt - DEBUG - Receive from parent_transcription_pipe after sendiung transcription request, transcribe_count: 1
2026-05-21 23:58:34.277 - RealTimeSTT: realtimestt - DEBUG - Receive from parent_transcription_pipe after sendiung transcription request, transcribe_count: 1
2026-05-21 23:58:34.385 - RealTimeSTT: realtimestt - DEBUG - Receive from parent_transcription_pipe after sendiung transcription request, transcribe_count: 1
2026-05-21 23:58:34.496 - RealTimeSTT: realtimestt - DEBUG - Receive from parent_transcription_pipe after sendiung transcription request, transcribe_count: 1
2026-05-21 23:58:34.607 - RealTimeSTT: realtimestt - DEBUG - Receive from parent_transcription_pipe after sendiung transcription request, transcribe_count: 1
2026-05-21 23:58:34.717 - RealTimeSTT: realtimestt - DEBUG - Receive from parent_transcription_pipe after sendiung transcription request, transcribe_count: 1
2026-05-21 23:58:34.826 - RealTimeSTT: realtimestt - DEBUG - Receive from parent_transcription_pipe after sendiung transcription request, transcribe_count: 1
2026-05-21 23:58:34.937 - RealTimeSTT: realtimestt - DEBUG - Receive from parent_transcription_pipe after sendiung transcription request, transcribe_count: 1
2026-05-21 23:58:35.046 - RealTimeSTT: realtimestt - DEBUG - Receive from parent_transcription_pipe after sendiung transcription request, transcribe_count: 1
2026-05-21 23:58:35.154 - RealTimeSTT: realtimestt - DEBUG - Receive from parent_transcription_pipe after sendiung transcription request, transcribe_count: 1
2026-05-21 23:58:35.263 - RealTimeSTT: realtimestt - DEBUG - Receive from parent_transcription_pipe after sendiung transcription request, transcribe_count: 1
2026-05-21 23:58:35.372 - RealTimeSTT: realtimestt - DEBUG - Receive from parent_transcription_pipe after sendiung transcription request, transcribe_count: 1
2026-05-21 23:58:35.449 - RealTimeSTT: realtimestt - INFO - voice activity detected
2026-05-21 23:58:35.449 - RealTimeSTT: realtimestt - INFO - recording started
2026-05-21 23:58:35.449 - RealTimeSTT: realtimestt - INFO - State changed from 'transcribing' to 'recording'
2026-05-21 23:58:35.479 - RealTimeSTT: realtimestt - DEBUG - Receive from parent_transcription_pipe after sendiung transcription request, transcribe_count: 1
2026-05-21 23:58:35.588 - RealTimeSTT: realtimestt - DEBUG - Receive from parent_transcription_pipe after sendiung transcription request, transcribe_count: 1
2026-05-21 23:58:35.696 - RealTimeSTT: realtimestt - DEBUG - Receive from parent_transcription_pipe after sendiung transcription request, transcribe_count: 1
2026-05-21 23:58:35.805 - RealTimeSTT: realtimestt - DEBUG - Receive from parent_transcription_pipe after sendiung transcription request, transcribe_count: 1
2026-05-21 23:58:35.913 - RealTimeSTT: realtimestt - DEBUG - Receive from parent_transcription_pipe after sendiung transcription request, transcribe_count: 1
2026-05-21 23:58:36.021 - RealTimeSTT: realtimestt - DEBUG - Receive from parent_transcription_pipe after sendiung transcription request, transcribe_count: 1
2026-05-21 23:58:36.131 - RealTimeSTT: realtimestt - DEBUG - Receive from parent_transcription_pipe after sendiung transcription request, transcribe_count: 1
2026-05-21 23:58:36.241 - RealTimeSTT: realtimestt - DEBUG - Receive from parent_transcription_pipe after sendiung transcription request, transcribe_count: 1
2026-05-21 23:58:36.348 - RealTimeSTT: realtimestt - DEBUG - Receive from parent_transcription_pipe after sendiung transcription request, transcribe_count: 1
2026-05-21 23:58:36.459 - RealTimeSTT: realtimestt - DEBUG - Receive from parent_transcription_pipe after sendiung transcription request, transcribe_count: 1
2026-05-21 23:58:36.566 - RealTimeSTT: realtimestt - DEBUG - Receive from parent_transcription_pipe after sendiung transcription request, transcribe_count: 1
2026-05-21 23:58:36.675 - RealTimeSTT: realtimestt - DEBUG - Receive from parent_transcription_pipe after sendiung transcription request, transcribe_count: 1
2026-05-21 23:58:36.781 - RealTimeSTT: realtimestt - DEBUG - Receive from parent_transcription_pipe after sendiung transcription request, transcribe_count: 1
2026-05-21 23:58:36.889 - RealTimeSTT: realtimestt - DEBUG - Receive from parent_transcription_pipe after sendiung transcription request, transcribe_count: 1
2026-05-21 23:58:36.923 - RealTimeSTT: realtimestt - INFO - State changed from 'recording' to 'inactive'
2026-05-21 23:58:36.924 - RealTimeSTT: realtimestt - DEBUG - Model small completed transcription in 3.97 seconds
2026-05-21 23:58:36.925 - RealTimeSTT: realtimestt - INFO - Setting listen time
2026-05-21 23:58:36.925 - RealTimeSTT: realtimestt - DEBUG - Waiting for recording stop
2026-05-21 23:58:37.938 - RealTimeSTT: realtimestt - INFO - recording stopped
2026-05-21 23:58:37.940 - RealTimeSTT: realtimestt - DEBUG - No samples removed, final audio length: 56320
2026-05-21 23:58:37.940 - RealTimeSTT: realtimestt - INFO - State changed from 'inactive' to 'transcribing'
2026-05-21 23:58:37.940 - RealTimeSTT: realtimestt - DEBUG - Adding transcription request, no early transcription started
2026-05-21 23:58:37.940 - RealTimeSTT: realtimestt - DEBUG - Receive from parent_transcription_pipe after sendiung transcription request, transcribe_count: 1
2026-05-21 23:58:38.047 - RealTimeSTT: realtimestt - DEBUG - Receive from parent_transcription_pipe after sendiung transcription request, transcribe_count: 1
2026-05-21 23:58:38.155 - RealTimeSTT: realtimestt - DEBUG - Receive from parent_transcription_pipe after sendiung transcription request, transcribe_count: 1
2026-05-21 23:58:38.263 - RealTimeSTT: realtimestt - DEBUG - Receive from parent_transcription_pipe after sendiung transcription request, transcribe_count: 1
2026-05-21 23:58:38.372 - RealTimeSTT: realtimestt - DEBUG - Receive from parent_transcription_pipe after sendiung transcription request, transcribe_count: 1
2026-05-21 23:58:38.480 - RealTimeSTT: realtimestt - DEBUG - Receive from parent_transcription_pipe after sendiung transcription request, transcribe_count: 1
2026-05-21 23:58:38.588 - RealTimeSTT: realtimestt - DEBUG - Receive from parent_transcription_pipe after sendiung transcription request, transcribe_count: 1
2026-05-21 23:58:38.696 - RealTimeSTT: realtimestt - DEBUG - Receive from parent_transcription_pipe after sendiung transcription request, transcribe_count: 1
2026-05-21 23:58:38.806 - RealTimeSTT: realtimestt - DEBUG - Receive from parent_transcription_pipe after sendiung transcription request, transcribe_count: 1
2026-05-21 23:58:38.914 - RealTimeSTT: realtimestt - DEBUG - Receive from parent_transcription_pipe after sendiung transcription request, transcribe_count: 1
2026-05-21 23:58:39.022 - RealTimeSTT: realtimestt - DEBUG - Receive from parent_transcription_pipe after sendiung transcription request, transcribe_count: 1
2026-05-21 23:58:39.129 - RealTimeSTT: realtimestt - DEBUG - Receive from parent_transcription_pipe after sendiung transcription request, transcribe_count: 1
2026-05-21 23:58:39.223 - RealTimeSTT: realtimestt - INFO - voice activity detected
2026-05-21 23:58:39.223 - RealTimeSTT: realtimestt - INFO - recording started
2026-05-21 23:58:39.223 - RealTimeSTT: realtimestt - INFO - State changed from 'transcribing' to 'recording'
2026-05-21 23:58:39.239 - RealTimeSTT: realtimestt - DEBUG - Receive from parent_transcription_pipe after sendiung transcription request, transcribe_count: 1
2026-05-21 23:58:39.348 - RealTimeSTT: realtimestt - DEBUG - Receive from parent_transcription_pipe after sendiung transcription request, transcribe_count: 1
2026-05-21 23:58:39.457 - RealTimeSTT: realtimestt - DEBUG - Receive from parent_transcription_pipe after sendiung transcription request, transcribe_count: 1
2026-05-21 23:58:39.567 - RealTimeSTT: realtimestt - DEBUG - Receive from parent_transcription_pipe after sendiung transcription request, transcribe_count: 1
2026-05-21 23:58:39.676 - RealTimeSTT: realtimestt - DEBUG - Receive from parent_transcription_pipe after sendiung transcription request, transcribe_count: 1
2026-05-21 23:58:39.784 - RealTimeSTT: realtimestt - DEBUG - Receive from parent_transcription_pipe after sendiung transcription request, transcribe_count: 1
2026-05-21 23:58:39.893 - RealTimeSTT: realtimestt - DEBUG - Receive from parent_transcription_pipe after sendiung transcription request, transcribe_count: 1
2026-05-21 23:58:40.002 - RealTimeSTT: realtimestt - DEBUG - Receive from parent_transcription_pipe after sendiung transcription request, transcribe_count: 1
2026-05-21 23:58:40.113 - RealTimeSTT: realtimestt - DEBUG - Receive from parent_transcription_pipe after sendiung transcription request, transcribe_count: 1
2026-05-21 23:58:40.221 - RealTimeSTT: realtimestt - DEBUG - Receive from parent_transcription_pipe after sendiung transcription request, transcribe_count: 1
2026-05-21 23:58:40.329 - RealTimeSTT: realtimestt - DEBUG - Receive from parent_transcription_pipe after sendiung transcription request, transcribe_count: 1
2026-05-21 23:58:40.374 - RealTimeSTT: realtimestt - INFO - recording stopped
2026-05-21 23:58:40.435 - RealTimeSTT: realtimestt - DEBUG - Receive from parent_transcription_pipe after sendiung transcription request, transcribe_count: 1
2026-05-21 23:58:40.545 - RealTimeSTT: realtimestt - DEBUG - Receive from parent_transcription_pipe after sendiung transcription request, transcribe_count: 1
2026-05-21 23:58:40.653 - RealTimeSTT: realtimestt - DEBUG - Receive from parent_transcription_pipe after sendiung transcription request, transcribe_count: 1
2026-05-21 23:58:40.761 - RealTimeSTT: realtimestt - DEBUG - Receive from parent_transcription_pipe after sendiung transcription request, transcribe_count: 1
2026-05-21 23:58:40.871 - RealTimeSTT: realtimestt - DEBUG - Receive from parent_transcription_pipe after sendiung transcription request, transcribe_count: 1
2026-05-21 23:58:40.980 - RealTimeSTT: realtimestt - DEBUG - Receive from parent_transcription_pipe after sendiung transcription request, transcribe_count: 1
2026-05-21 23:58:41.091 - RealTimeSTT: realtimestt - DEBUG - Receive from parent_transcription_pipe after sendiung transcription request, transcribe_count: 1
2026-05-21 23:58:41.200 - RealTimeSTT: realtimestt - DEBUG - Receive from parent_transcription_pipe after sendiung transcription request, transcribe_count: 1
2026-05-21 23:58:41.309 - RealTimeSTT: realtimestt - DEBUG - Receive from parent_transcription_pipe after sendiung transcription request, transcribe_count: 1
2026-05-21 23:58:41.403 - RealTimeSTT: realtimestt - INFO - voice activity detected
2026-05-21 23:58:41.403 - RealTimeSTT: realtimestt - INFO - recording started
2026-05-21 23:58:41.418 - RealTimeSTT: realtimestt - DEBUG - Receive from parent_transcription_pipe after sendiung transcription request, transcribe_count: 1
2026-05-21 23:58:41.527 - RealTimeSTT: realtimestt - DEBUG - Receive from parent_transcription_pipe after sendiung transcription request, transcribe_count: 1
2026-05-21 23:58:41.637 - RealTimeSTT: realtimestt - DEBUG - Receive from parent_transcription_pipe after sendiung transcription request, transcribe_count: 1
2026-05-21 23:58:41.744 - RealTimeSTT: realtimestt - DEBUG - Receive from parent_transcription_pipe after sendiung transcription request, transcribe_count: 1
2026-05-21 23:58:41.855 - RealTimeSTT: realtimestt - DEBUG - Receive from parent_transcription_pipe after sendiung transcription request, transcribe_count: 1
2026-05-21 23:58:41.964 - RealTimeSTT: realtimestt - DEBUG - Receive from parent_transcription_pipe after sendiung transcription request, transcribe_count: 1
2026-05-21 23:58:42.074 - RealTimeSTT: realtimestt - DEBUG - Receive from parent_transcription_pipe after sendiung transcription request, transcribe_count: 1
2026-05-21 23:58:42.182 - RealTimeSTT: realtimestt - DEBUG - Receive from parent_transcription_pipe after sendiung transcription request, transcribe_count: 1
2026-05-21 23:58:42.290 - RealTimeSTT: realtimestt - DEBUG - Receive from parent_transcription_pipe after sendiung transcription request, transcribe_count: 1
2026-05-21 23:58:42.401 - RealTimeSTT: realtimestt - DEBUG - Receive from parent_transcription_pipe after sendiung transcription request, transcribe_count: 1
2026-05-21 23:58:42.511 - RealTimeSTT: realtimestt - DEBUG - Receive from parent_transcription_pipe after sendiung transcription request, transcribe_count: 1
2026-05-21 23:58:42.619 - RealTimeSTT: realtimestt - DEBUG - Receive from parent_transcription_pipe after sendiung transcription request, transcribe_count: 1
2026-05-21 23:58:42.728 - RealTimeSTT: realtimestt - DEBUG - Receive from parent_transcription_pipe after sendiung transcription request, transcribe_count: 1
2026-05-21 23:58:42.836 - RealTimeSTT: realtimestt - DEBUG - Receive from parent_transcription_pipe after sendiung transcription request, transcribe_count: 1
2026-05-21 23:58:42.944 - RealTimeSTT: realtimestt - DEBUG - Receive from parent_transcription_pipe after sendiung transcription request, transcribe_count: 1
2026-05-21 23:58:43.051 - RealTimeSTT: realtimestt - DEBUG - Receive from parent_transcription_pipe after sendiung transcription request, transcribe_count: 1
2026-05-21 23:58:43.159 - RealTimeSTT: realtimestt - DEBUG - Receive from parent_transcription_pipe after sendiung transcription request, transcribe_count: 1
2026-05-21 23:58:43.268 - RealTimeSTT: realtimestt - DEBUG - Receive from parent_transcription_pipe after sendiung transcription request, transcribe_count: 1
2026-05-21 23:58:43.378 - RealTimeSTT: realtimestt - DEBUG - Receive from parent_transcription_pipe after sendiung transcription request, transcribe_count: 1
2026-05-21 23:58:43.388 - RealTimeSTT: realtimestt - INFO - State changed from 'recording' to 'inactive'
2026-05-21 23:58:43.389 - RealTimeSTT: realtimestt - DEBUG - Model small completed transcription in 5.45 seconds
2026-05-21 23:58:43.389 - RealTimeSTT: realtimestt - INFO - Setting listen time
2026-05-21 23:58:43.389 - RealTimeSTT: realtimestt - DEBUG - No samples removed, final audio length: 34816
2026-05-21 23:58:43.391 - RealTimeSTT: realtimestt - INFO - State changed from 'inactive' to 'transcribing'
2026-05-21 23:58:43.391 - RealTimeSTT: realtimestt - DEBUG - Adding transcription request, no early transcription started
2026-05-21 23:58:43.391 - RealTimeSTT: realtimestt - DEBUG - Receive from parent_transcription_pipe after sendiung transcription request, transcribe_count: 1
2026-05-21 23:58:43.503 - RealTimeSTT: realtimestt - DEBUG - Receive from parent_transcription_pipe after sendiung transcription request, transcribe_count: 1
2026-05-21 23:58:43.613 - RealTimeSTT: realtimestt - DEBUG - Receive from parent_transcription_pipe after sendiung transcription request, transcribe_count: 1
2026-05-21 23:58:43.723 - RealTimeSTT: realtimestt - DEBUG - Receive from parent_transcription_pipe after sendiung transcription request, transcribe_count: 1
2026-05-21 23:58:43.831 - RealTimeSTT: realtimestt - DEBUG - Receive from parent_transcription_pipe after sendiung transcription request, transcribe_count: 1
2026-05-21 23:58:43.940 - RealTimeSTT: realtimestt - DEBUG - Receive from parent_transcription_pipe after sendiung transcription request, transcribe_count: 1
2026-05-21 23:58:44.048 - RealTimeSTT: realtimestt - DEBUG - Receive from parent_transcription_pipe after sendiung transcription request, transcribe_count: 1
2026-05-21 23:58:44.156 - RealTimeSTT: realtimestt - DEBUG - Receive from parent_transcription_pipe after sendiung transcription request, transcribe_count: 1
2026-05-21 23:58:44.265 - RealTimeSTT: realtimestt - DEBUG - Receive from parent_transcription_pipe after sendiung transcription request, transcribe_count: 1
2026-05-21 23:58:44.374 - RealTimeSTT: realtimestt - DEBUG - Receive from parent_transcription_pipe after sendiung transcription request, transcribe_count: 1
2026-05-21 23:58:44.481 - RealTimeSTT: realtimestt - DEBUG - Receive from parent_transcription_pipe after sendiung transcription request, transcribe_count: 1
2026-05-21 23:58:44.590 - RealTimeSTT: realtimestt - DEBUG - Receive from parent_transcription_pipe after sendiung transcription request, transcribe_count: 1
2026-05-21 23:58:44.700 - RealTimeSTT: realtimestt - DEBUG - Receive from parent_transcription_pipe after sendiung transcription request, transcribe_count: 1
2026-05-21 23:58:44.809 - RealTimeSTT: realtimestt - DEBUG - Receive from parent_transcription_pipe after sendiung transcription request, transcribe_count: 1
2026-05-21 23:58:44.917 - RealTimeSTT: realtimestt - DEBUG - Receive from parent_transcription_pipe after sendiung transcription request, transcribe_count: 1
2026-05-21 23:58:45.026 - RealTimeSTT: realtimestt - DEBUG - Receive from parent_transcription_pipe after sendiung transcription request, transcribe_count: 1
2026-05-21 23:58:45.136 - RealTimeSTT: realtimestt - DEBUG - Receive from parent_transcription_pipe after sendiung transcription request, transcribe_count: 1
2026-05-21 23:58:45.243 - RealTimeSTT: realtimestt - DEBUG - Receive from parent_transcription_pipe after sendiung transcription request, transcribe_count: 1
2026-05-21 23:58:45.352 - RealTimeSTT: realtimestt - DEBUG - Receive from parent_transcription_pipe after sendiung transcription request, transcribe_count: 1
2026-05-21 23:58:45.461 - RealTimeSTT: realtimestt - DEBUG - Receive from parent_transcription_pipe after sendiung transcription request, transcribe_count: 1
2026-05-21 23:58:45.571 - RealTimeSTT: realtimestt - DEBUG - Receive from parent_transcription_pipe after sendiung transcription request, transcribe_count: 1
2026-05-21 23:58:45.680 - RealTimeSTT: realtimestt - DEBUG - Receive from parent_transcription_pipe after sendiung transcription request, transcribe_count: 1
2026-05-21 23:58:45.787 - RealTimeSTT: realtimestt - DEBUG - Receive from parent_transcription_pipe after sendiung transcription request, transcribe_count: 1
2026-05-21 23:58:45.895 - RealTimeSTT: realtimestt - DEBUG - Receive from parent_transcription_pipe after sendiung transcription request, transcribe_count: 1
2026-05-21 23:58:46.005 - RealTimeSTT: realtimestt - DEBUG - Receive from parent_transcription_pipe after sendiung transcription request, transcribe_count: 1
2026-05-21 23:58:46.114 - RealTimeSTT: realtimestt - DEBUG - Receive from parent_transcription_pipe after sendiung transcription request, transcribe_count: 1
2026-05-21 23:58:46.224 - RealTimeSTT: realtimestt - DEBUG - Receive from parent_transcription_pipe after sendiung transcription request, transcribe_count: 1
2026-05-21 23:58:46.334 - RealTimeSTT: realtimestt - DEBUG - Receive from parent_transcription_pipe after sendiung transcription request, transcribe_count: 1
2026-05-21 23:58:46.444 - RealTimeSTT: realtimestt - DEBUG - Receive from parent_transcription_pipe after sendiung transcription request, transcribe_count: 1
2026-05-21 23:58:46.553 - RealTimeSTT: realtimestt - DEBUG - Receive from parent_transcription_pipe after sendiung transcription request, transcribe_count: 1
2026-05-21 23:58:46.661 - RealTimeSTT: realtimestt - DEBUG - Receive from parent_transcription_pipe after sendiung transcription request, transcribe_count: 1
2026-05-21 23:58:46.769 - RealTimeSTT: realtimestt - DEBUG - Receive from parent_transcription_pipe after sendiung transcription request, transcribe_count: 1
2026-05-21 23:58:46.880 - RealTimeSTT: realtimestt - DEBUG - Receive from parent_transcription_pipe after sendiung transcription request, transcribe_count: 1
2026-05-21 23:58:46.989 - RealTimeSTT: realtimestt - DEBUG - Receive from parent_transcription_pipe after sendiung transcription request, transcribe_count: 1
2026-05-21 23:58:47.097 - RealTimeSTT: realtimestt - DEBUG - Receive from parent_transcription_pipe after sendiung transcription request, transcribe_count: 1
2026-05-21 23:58:47.204 - RealTimeSTT: realtimestt - DEBUG - Receive from parent_transcription_pipe after sendiung transcription request, transcribe_count: 1
2026-05-21 23:58:47.314 - RealTimeSTT: realtimestt - DEBUG - Receive from parent_transcription_pipe after sendiung transcription request, transcribe_count: 1
2026-05-21 23:58:47.423 - RealTimeSTT: realtimestt - DEBUG - Receive from parent_transcription_pipe after sendiung transcription request, transcribe_count: 1
2026-05-21 23:58:47.532 - RealTimeSTT: realtimestt - DEBUG - Receive from parent_transcription_pipe after sendiung transcription request, transcribe_count: 1
2026-05-21 23:58:47.642 - RealTimeSTT: realtimestt - DEBUG - Receive from parent_transcription_pipe after sendiung transcription request, transcribe_count: 1
2026-05-21 23:58:47.751 - RealTimeSTT: realtimestt - DEBUG - Receive from parent_transcription_pipe after sendiung transcription request, transcribe_count: 1
2026-05-21 23:58:47.834 - RealTimeSTT: realtimestt - INFO - State changed from 'transcribing' to 'inactive'
2026-05-21 23:58:47.835 - RealTimeSTT: realtimestt - DEBUG - Model small completed transcription in 4.44 seconds
2026-05-21 23:58:47.836 - RealTimeSTT: realtimestt - INFO - Setting listen time
2026-05-21 23:58:47.836 - RealTimeSTT: realtimestt - DEBUG - Waiting for recording stop
2026-05-21 23:58:49.217 - RealTimeSTT: realtimestt - INFO - recording stopped
2026-05-21 23:58:49.222 - RealTimeSTT: realtimestt - DEBUG - No samples removed, final audio length: 141312
2026-05-21 23:58:49.223 - RealTimeSTT: realtimestt - INFO - State changed from 'inactive' to 'transcribing'
2026-05-21 23:58:49.223 - RealTimeSTT: realtimestt - DEBUG - Adding transcription request, no early transcription started
2026-05-21 23:58:49.224 - RealTimeSTT: realtimestt - DEBUG - Receive from parent_transcription_pipe after sendiung transcription request, transcribe_count: 1
2026-05-21 23:58:49.328 - RealTimeSTT: realtimestt - DEBUG - Receive from parent_transcription_pipe after sendiung transcription request, transcribe_count: 1
2026-05-21 23:58:49.439 - RealTimeSTT: realtimestt - DEBUG - Receive from parent_transcription_pipe after sendiung transcription request, transcribe_count: 1
2026-05-21 23:58:49.548 - RealTimeSTT: realtimestt - DEBUG - Receive from parent_transcription_pipe after sendiung transcription request, transcribe_count: 1
2026-05-21 23:58:49.657 - RealTimeSTT: realtimestt - DEBUG - Receive from parent_transcription_pipe after sendiung transcription request, transcribe_count: 1
2026-05-21 23:58:49.768 - RealTimeSTT: realtimestt - DEBUG - Receive from parent_transcription_pipe after sendiung transcription request, transcribe_count: 1
2026-05-21 23:58:49.878 - RealTimeSTT: realtimestt - DEBUG - Receive from parent_transcription_pipe after sendiung transcription request, transcribe_count: 1
2026-05-21 23:58:49.910 - RealTimeSTT: realtimestt - INFO - voice activity detected
2026-05-21 23:58:49.910 - RealTimeSTT: realtimestt - INFO - recording started
2026-05-21 23:58:49.911 - RealTimeSTT: realtimestt - INFO - State changed from 'transcribing' to 'recording'
2026-05-21 23:58:49.987 - RealTimeSTT: realtimestt - DEBUG - Receive from parent_transcription_pipe after sendiung transcription request, transcribe_count: 1
2026-05-21 23:58:50.097 - RealTimeSTT: realtimestt - DEBUG - Receive from parent_transcription_pipe after sendiung transcription request, transcribe_count: 1
2026-05-21 23:58:50.207 - RealTimeSTT: realtimestt - DEBUG - Receive from parent_transcription_pipe after sendiung transcription request, transcribe_count: 1
2026-05-21 23:58:50.317 - RealTimeSTT: realtimestt - DEBUG - Receive from parent_transcription_pipe after sendiung transcription request, transcribe_count: 1
2026-05-21 23:58:50.428 - RealTimeSTT: realtimestt - DEBUG - Receive from parent_transcription_pipe after sendiung transcription request, transcribe_count: 1
2026-05-21 23:58:50.539 - RealTimeSTT: realtimestt - DEBUG - Receive from parent_transcription_pipe after sendiung transcription request, transcribe_count: 1
2026-05-21 23:58:50.649 - RealTimeSTT: realtimestt - DEBUG - Receive from parent_transcription_pipe after sendiung transcription request, transcribe_count: 1
2026-05-21 23:58:50.761 - RealTimeSTT: realtimestt - DEBUG - Receive from parent_transcription_pipe after sendiung transcription request, transcribe_count: 1
2026-05-21 23:58:50.870 - RealTimeSTT: realtimestt - DEBUG - Receive from parent_transcription_pipe after sendiung transcription request, transcribe_count: 1
2026-05-21 23:58:50.979 - RealTimeSTT: realtimestt - DEBUG - Receive from parent_transcription_pipe after sendiung transcription request, transcribe_count: 1
2026-05-21 23:58:51.089 - RealTimeSTT: realtimestt - DEBUG - Receive from parent_transcription_pipe after sendiung transcription request, transcribe_count: 1
2026-05-21 23:58:51.198 - RealTimeSTT: realtimestt - DEBUG - Receive from parent_transcription_pipe after sendiung transcription request, transcribe_count: 1
2026-05-21 23:58:51.306 - RealTimeSTT: realtimestt - DEBUG - Receive from parent_transcription_pipe after sendiung transcription request, transcribe_count: 1
2026-05-21 23:58:51.416 - RealTimeSTT: realtimestt - DEBUG - Receive from parent_transcription_pipe after sendiung transcription request, transcribe_count: 1
2026-05-21 23:58:51.526 - RealTimeSTT: realtimestt - DEBUG - Receive from parent_transcription_pipe after sendiung transcription request, transcribe_count: 1
2026-05-21 23:58:51.637 - RealTimeSTT: realtimestt - DEBUG - Receive from parent_transcription_pipe after sendiung transcription request, transcribe_count: 1
2026-05-21 23:58:51.700 - RealTimeSTT: realtimestt - INFO - recording stopped
2026-05-21 23:58:51.748 - RealTimeSTT: realtimestt - DEBUG - Receive from parent_transcription_pipe after sendiung transcription request, transcribe_count: 1
2026-05-21 23:58:51.858 - RealTimeSTT: realtimestt - DEBUG - Receive from parent_transcription_pipe after sendiung transcription request, transcribe_count: 1
2026-05-21 23:58:51.968 - RealTimeSTT: realtimestt - DEBUG - Receive from parent_transcription_pipe after sendiung transcription request, transcribe_count: 1
2026-05-21 23:58:52.077 - RealTimeSTT: realtimestt - DEBUG - Receive from parent_transcription_pipe after sendiung transcription request, transcribe_count: 1
2026-05-21 23:58:52.187 - RealTimeSTT: realtimestt - DEBUG - Receive from parent_transcription_pipe after sendiung transcription request, transcribe_count: 1
2026-05-21 23:58:52.297 - RealTimeSTT: realtimestt - DEBUG - Receive from parent_transcription_pipe after sendiung transcription request, transcribe_count: 1
2026-05-21 23:58:52.406 - RealTimeSTT: realtimestt - DEBUG - Receive from parent_transcription_pipe after sendiung transcription request, transcribe_count: 1
2026-05-21 23:58:52.517 - RealTimeSTT: realtimestt - DEBUG - Receive from parent_transcription_pipe after sendiung transcription request, transcribe_count: 1
2026-05-21 23:58:52.629 - RealTimeSTT: realtimestt - DEBUG - Receive from parent_transcription_pipe after sendiung transcription request, transcribe_count: 1
2026-05-21 23:58:52.738 - RealTimeSTT: realtimestt - DEBUG - Receive from parent_transcription_pipe after sendiung transcription request, transcribe_count: 1
2026-05-21 23:58:52.847 - RealTimeSTT: realtimestt - DEBUG - Receive from parent_transcription_pipe after sendiung transcription request, transcribe_count: 1
2026-05-21 23:58:52.956 - RealTimeSTT: realtimestt - DEBUG - Receive from parent_transcription_pipe after sendiung transcription request, transcribe_count: 1
2026-05-21 23:58:53.066 - RealTimeSTT: realtimestt - DEBUG - Receive from parent_transcription_pipe after sendiung transcription request, transcribe_count: 1
2026-05-21 23:58:53.176 - RealTimeSTT: realtimestt - DEBUG - Receive from parent_transcription_pipe after sendiung transcription request, transcribe_count: 1
2026-05-21 23:58:53.286 - RealTimeSTT: realtimestt - DEBUG - Receive from parent_transcription_pipe after sendiung transcription request, transcribe_count: 1
2026-05-21 23:58:53.396 - RealTimeSTT: realtimestt - DEBUG - Receive from parent_transcription_pipe after sendiung transcription request, transcribe_count: 1
2026-05-21 23:58:53.505 - RealTimeSTT: realtimestt - DEBUG - Receive from parent_transcription_pipe after sendiung transcription request, transcribe_count: 1
2026-05-21 23:58:53.616 - RealTimeSTT: realtimestt - DEBUG - Receive from parent_transcription_pipe after sendiung transcription request, transcribe_count: 1
2026-05-21 23:58:53.725 - RealTimeSTT: realtimestt - DEBUG - Receive from parent_transcription_pipe after sendiung transcription request, transcribe_count: 1
2026-05-21 23:58:53.754 - RealTimeSTT: realtimestt - INFO - State changed from 'recording' to 'inactive'
2026-05-21 23:58:53.757 - RealTimeSTT: realtimestt - DEBUG - Model small completed transcription in 4.53 seconds
2026-05-21 23:58:53.757 - RealTimeSTT: realtimestt - INFO - Setting listen time
2026-05-21 23:58:53.758 - RealTimeSTT: realtimestt - DEBUG - No samples removed, final audio length: 40448
2026-05-21 23:58:53.758 - RealTimeSTT: realtimestt - INFO - State changed from 'inactive' to 'transcribing'
2026-05-21 23:58:53.758 - RealTimeSTT: realtimestt - DEBUG - Adding transcription request, no early transcription started
2026-05-21 23:58:53.762 - RealTimeSTT: realtimestt - DEBUG - Receive from parent_transcription_pipe after sendiung transcription request, transcribe_count: 1
2026-05-21 23:58:53.866 - RealTimeSTT: realtimestt - DEBUG - Receive from parent_transcription_pipe after sendiung transcription request, transcribe_count: 1
2026-05-21 23:58:53.975 - RealTimeSTT: realtimestt - DEBUG - Receive from parent_transcription_pipe after sendiung transcription request, transcribe_count: 1
2026-05-21 23:58:54.085 - RealTimeSTT: realtimestt - DEBUG - Receive from parent_transcription_pipe after sendiung transcription request, transcribe_count: 1
2026-05-21 23:58:54.194 - RealTimeSTT: realtimestt - DEBUG - Receive from parent_transcription_pipe after sendiung transcription request, transcribe_count: 1
2026-05-21 23:58:54.257 - RealTimeSTT: realtimestt - INFO - voice activity detected
2026-05-21 23:58:54.257 - RealTimeSTT: realtimestt - INFO - recording started
2026-05-21 23:58:54.257 - RealTimeSTT: realtimestt - INFO - State changed from 'transcribing' to 'recording'
2026-05-21 23:58:54.305 - RealTimeSTT: realtimestt - DEBUG - Receive from parent_transcription_pipe after sendiung transcription request, transcribe_count: 1
2026-05-21 23:58:54.414 - RealTimeSTT: realtimestt - DEBUG - Receive from parent_transcription_pipe after sendiung transcription request, transcribe_count: 1
2026-05-21 23:58:54.522 - RealTimeSTT: realtimestt - DEBUG - Receive from parent_transcription_pipe after sendiung transcription request, transcribe_count: 1
2026-05-21 23:58:54.631 - RealTimeSTT: realtimestt - DEBUG - Receive from parent_transcription_pipe after sendiung transcription request, transcribe_count: 1
2026-05-21 23:58:54.739 - RealTimeSTT: realtimestt - DEBUG - Receive from parent_transcription_pipe after sendiung transcription request, transcribe_count: 1
2026-05-21 23:58:54.850 - RealTimeSTT: realtimestt - DEBUG - Receive from parent_transcription_pipe after sendiung transcription request, transcribe_count: 1
2026-05-21 23:58:54.958 - RealTimeSTT: realtimestt - DEBUG - Receive from parent_transcription_pipe after sendiung transcription request, transcribe_count: 1
2026-05-21 23:58:55.068 - RealTimeSTT: realtimestt - DEBUG - Receive from parent_transcription_pipe after sendiung transcription request, transcribe_count: 1
2026-05-21 23:58:55.179 - RealTimeSTT: realtimestt - DEBUG - Receive from parent_transcription_pipe after sendiung transcription request, transcribe_count: 1
2026-05-21 23:58:55.288 - RealTimeSTT: realtimestt - DEBUG - Receive from parent_transcription_pipe after sendiung transcription request, transcribe_count: 1
2026-05-21 23:58:55.397 - RealTimeSTT: realtimestt - DEBUG - Receive from parent_transcription_pipe after sendiung transcription request, transcribe_count: 1
2026-05-21 23:58:55.507 - RealTimeSTT: realtimestt - DEBUG - Receive from parent_transcription_pipe after sendiung transcription request, transcribe_count: 1
2026-05-21 23:58:55.617 - RealTimeSTT: realtimestt - DEBUG - Receive from parent_transcription_pipe after sendiung transcription request, transcribe_count: 1
2026-05-21 23:58:55.727 - RealTimeSTT: realtimestt - DEBUG - Receive from parent_transcription_pipe after sendiung transcription request, transcribe_count: 1
2026-05-21 23:58:55.838 - RealTimeSTT: realtimestt - DEBUG - Receive from parent_transcription_pipe after sendiung transcription request, transcribe_count: 1
2026-05-21 23:58:55.947 - RealTimeSTT: realtimestt - DEBUG - Receive from parent_transcription_pipe after sendiung transcription request, transcribe_count: 1
2026-05-21 23:58:56.056 - RealTimeSTT: realtimestt - DEBUG - Receive from parent_transcription_pipe after sendiung transcription request, transcribe_count: 1
2026-05-21 23:58:56.165 - RealTimeSTT: realtimestt - DEBUG - Receive from parent_transcription_pipe after sendiung transcription request, transcribe_count: 1
2026-05-21 23:58:56.275 - RealTimeSTT: realtimestt - DEBUG - Receive from parent_transcription_pipe after sendiung transcription request, transcribe_count: 1
2026-05-21 23:58:56.386 - RealTimeSTT: realtimestt - DEBUG - Receive from parent_transcription_pipe after sendiung transcription request, transcribe_count: 1
2026-05-21 23:58:56.497 - RealTimeSTT: realtimestt - DEBUG - Receive from parent_transcription_pipe after sendiung transcription request, transcribe_count: 1
2026-05-21 23:58:56.607 - RealTimeSTT: realtimestt - DEBUG - Receive from parent_transcription_pipe after sendiung transcription request, transcribe_count: 1
2026-05-21 23:58:56.718 - RealTimeSTT: realtimestt - DEBUG - Receive from parent_transcription_pipe after sendiung transcription request, transcribe_count: 1
2026-05-21 23:58:56.828 - RealTimeSTT: realtimestt - DEBUG - Receive from parent_transcription_pipe after sendiung transcription request, transcribe_count: 1
2026-05-21 23:58:56.937 - RealTimeSTT: realtimestt - DEBUG - Receive from parent_transcription_pipe after sendiung transcription request, transcribe_count: 1
2026-05-21 23:58:57.046 - RealTimeSTT: realtimestt - DEBUG - Receive from parent_transcription_pipe after sendiung transcription request, transcribe_count: 1
2026-05-21 23:58:57.156 - RealTimeSTT: realtimestt - DEBUG - Receive from parent_transcription_pipe after sendiung transcription request, transcribe_count: 1
2026-05-21 23:58:57.267 - RealTimeSTT: realtimestt - DEBUG - Receive from parent_transcription_pipe after sendiung transcription request, transcribe_count: 1
2026-05-21 23:58:57.267 - RealTimeSTT: realtimestt - INFO - recording stopped
2026-05-21 23:58:57.377 - RealTimeSTT: realtimestt - DEBUG - Receive from parent_transcription_pipe after sendiung transcription request, transcribe_count: 1
2026-05-21 23:58:57.486 - RealTimeSTT: realtimestt - DEBUG - Receive from parent_transcription_pipe after sendiung transcription request, transcribe_count: 1
2026-05-21 23:58:57.597 - RealTimeSTT: realtimestt - DEBUG - Receive from parent_transcription_pipe after sendiung transcription request, transcribe_count: 1
2026-05-21 23:58:57.706 - RealTimeSTT: realtimestt - DEBUG - Receive from parent_transcription_pipe after sendiung transcription request, transcribe_count: 1
2026-05-21 23:58:57.814 - RealTimeSTT: realtimestt - DEBUG - Receive from parent_transcription_pipe after sendiung transcription request, transcribe_count: 1
2026-05-21 23:58:57.871 - RealTimeSTT: realtimestt - INFO - State changed from 'recording' to 'inactive'
2026-05-21 23:58:57.871 - RealTimeSTT: realtimestt - DEBUG - Model small completed transcription in 4.11 seconds
2026-05-21 23:58:57.874 - RealTimeSTT: realtimestt - INFO - Setting listen time
2026-05-21 23:58:57.874 - RealTimeSTT: realtimestt - DEBUG - No samples removed, final audio length: 64512
2026-05-21 23:58:57.875 - RealTimeSTT: realtimestt - INFO - State changed from 'inactive' to 'transcribing'
2026-05-21 23:58:57.875 - RealTimeSTT: realtimestt - DEBUG - Adding transcription request, no early transcription started
2026-05-21 23:58:57.881 - RealTimeSTT: realtimestt - DEBUG - Receive from parent_transcription_pipe after sendiung transcription request, transcribe_count: 1
2026-05-21 23:58:57.986 - RealTimeSTT: realtimestt - DEBUG - Receive from parent_transcription_pipe after sendiung transcription request, transcribe_count: 1
2026-05-21 23:58:58.096 - RealTimeSTT: realtimestt - DEBUG - Receive from parent_transcription_pipe after sendiung transcription request, transcribe_count: 1
2026-05-21 23:58:58.207 - RealTimeSTT: realtimestt - DEBUG - Receive from parent_transcription_pipe after sendiung transcription request, transcribe_count: 1
2026-05-21 23:58:58.316 - RealTimeSTT: realtimestt - DEBUG - Receive from parent_transcription_pipe after sendiung transcription request, transcribe_count: 1
2026-05-21 23:58:58.425 - RealTimeSTT: realtimestt - DEBUG - Receive from parent_transcription_pipe after sendiung transcription request, transcribe_count: 1
2026-05-21 23:58:58.530 - RealTimeSTT: realtimestt - DEBUG - Receive from parent_transcription_pipe after sendiung transcription request, transcribe_count: 1
2026-05-21 23:58:58.639 - RealTimeSTT: realtimestt - DEBUG - Receive from parent_transcription_pipe after sendiung transcription request, transcribe_count: 1
2026-05-21 23:58:58.749 - RealTimeSTT: realtimestt - DEBUG - Receive from parent_transcription_pipe after sendiung transcription request, transcribe_count: 1
2026-05-21 23:58:58.859 - RealTimeSTT: realtimestt - DEBUG - Receive from parent_transcription_pipe after sendiung transcription request, transcribe_count: 1
2026-05-21 23:58:58.968 - RealTimeSTT: realtimestt - DEBUG - Receive from parent_transcription_pipe after sendiung transcription request, transcribe_count: 1
2026-05-21 23:58:59.077 - RealTimeSTT: realtimestt - DEBUG - Receive from parent_transcription_pipe after sendiung transcription request, transcribe_count: 1
2026-05-21 23:58:59.186 - RealTimeSTT: realtimestt - DEBUG - Receive from parent_transcription_pipe after sendiung transcription request, transcribe_count: 1
2026-05-21 23:58:59.297 - RealTimeSTT: realtimestt - DEBUG - Receive from parent_transcription_pipe after sendiung transcription request, transcribe_count: 1
2026-05-21 23:58:59.406 - RealTimeSTT: realtimestt - DEBUG - Receive from parent_transcription_pipe after sendiung transcription request, transcribe_count: 1
2026-05-21 23:58:59.515 - RealTimeSTT: realtimestt - DEBUG - Receive from parent_transcription_pipe after sendiung transcription request, transcribe_count: 1
2026-05-21 23:58:59.625 - RealTimeSTT: realtimestt - DEBUG - Receive from parent_transcription_pipe after sendiung transcription request, transcribe_count: 1
2026-05-21 23:58:59.735 - RealTimeSTT: realtimestt - DEBUG - Receive from parent_transcription_pipe after sendiung transcription request, transcribe_count: 1
2026-05-21 23:58:59.845 - RealTimeSTT: realtimestt - DEBUG - Receive from parent_transcription_pipe after sendiung transcription request, transcribe_count: 1
2026-05-21 23:58:59.956 - RealTimeSTT: realtimestt - DEBUG - Receive from parent_transcription_pipe after sendiung transcription request, transcribe_count: 1
2026-05-21 23:59:00.066 - RealTimeSTT: realtimestt - DEBUG - Receive from parent_transcription_pipe after sendiung transcription request, transcribe_count: 1
2026-05-21 23:59:00.177 - RealTimeSTT: realtimestt - DEBUG - Receive from parent_transcription_pipe after sendiung transcription request, transcribe_count: 1
2026-05-21 23:59:00.286 - RealTimeSTT: realtimestt - DEBUG - Receive from parent_transcription_pipe after sendiung transcription request, transcribe_count: 1
2026-05-21 23:59:00.395 - RealTimeSTT: realtimestt - DEBUG - Receive from parent_transcription_pipe after sendiung transcription request, transcribe_count: 1
2026-05-21 23:59:00.505 - RealTimeSTT: realtimestt - DEBUG - Receive from parent_transcription_pipe after sendiung transcription request, transcribe_count: 1
2026-05-21 23:59:00.616 - RealTimeSTT: realtimestt - DEBUG - Receive from parent_transcription_pipe after sendiung transcription request, transcribe_count: 1
2026-05-21 23:59:00.727 - RealTimeSTT: realtimestt - DEBUG - Receive from parent_transcription_pipe after sendiung transcription request, transcribe_count: 1
2026-05-21 23:59:00.837 - RealTimeSTT: realtimestt - DEBUG - Receive from parent_transcription_pipe after sendiung transcription request, transcribe_count: 1
2026-05-21 23:59:00.947 - RealTimeSTT: realtimestt - DEBUG - Receive from parent_transcription_pipe after sendiung transcription request, transcribe_count: 1
2026-05-21 23:59:01.058 - RealTimeSTT: realtimestt - DEBUG - Receive from parent_transcription_pipe after sendiung transcription request, transcribe_count: 1
2026-05-21 23:59:01.170 - RealTimeSTT: realtimestt - DEBUG - Receive from parent_transcription_pipe after sendiung transcription request, transcribe_count: 1
2026-05-21 23:59:01.279 - RealTimeSTT: realtimestt - DEBUG - Receive from parent_transcription_pipe after sendiung transcription request, transcribe_count: 1
2026-05-21 23:59:01.389 - RealTimeSTT: realtimestt - DEBUG - Receive from parent_transcription_pipe after sendiung transcription request, transcribe_count: 1
2026-05-21 23:59:01.500 - RealTimeSTT: realtimestt - DEBUG - Receive from parent_transcription_pipe after sendiung transcription request, transcribe_count: 1
2026-05-21 23:59:01.610 - RealTimeSTT: realtimestt - DEBUG - Receive from parent_transcription_pipe after sendiung transcription request, transcribe_count: 1
2026-05-21 23:59:01.719 - RealTimeSTT: realtimestt - DEBUG - Receive from parent_transcription_pipe after sendiung transcription request, transcribe_count: 1
2026-05-21 23:59:01.829 - RealTimeSTT: realtimestt - DEBUG - Receive from parent_transcription_pipe after sendiung transcription request, transcribe_count: 1
2026-05-21 23:59:01.939 - RealTimeSTT: realtimestt - DEBUG - Receive from parent_transcription_pipe after sendiung transcription request, transcribe_count: 1
2026-05-21 23:59:02.050 - RealTimeSTT: realtimestt - DEBUG - Receive from parent_transcription_pipe after sendiung transcription request, transcribe_count: 1
2026-05-21 23:59:02.162 - RealTimeSTT: realtimestt - DEBUG - Receive from parent_transcription_pipe after sendiung transcription request, transcribe_count: 1
2026-05-21 23:59:02.271 - RealTimeSTT: realtimestt - DEBUG - Receive from parent_transcription_pipe after sendiung transcription request, transcribe_count: 1
2026-05-21 23:59:02.380 - RealTimeSTT: realtimestt - DEBUG - Receive from parent_transcription_pipe after sendiung transcription request, transcribe_count: 1
2026-05-21 23:59:02.490 - RealTimeSTT: realtimestt - DEBUG - Receive from parent_transcription_pipe after sendiung transcription request, transcribe_count: 1
2026-05-21 23:59:02.553 - RealTimeSTT: realtimestt - INFO - State changed from 'transcribing' to 'inactive'
2026-05-21 23:59:02.554 - RealTimeSTT: realtimestt - DEBUG - Model small completed transcription in 4.68 seconds
2026-05-21 23:59:02.554 - RealTimeSTT: realtimestt - INFO - Setting listen time
2026-05-21 23:59:02.554 - RealTimeSTT: realtimestt - INFO - State changed from 'inactive' to 'listening'
2026-05-21 23:59:02.555 - RealTimeSTT: realtimestt - DEBUG - Waiting for recording start
2026-05-21 23:59:03.932 - RealTimeSTT: realtimestt - INFO - voice activity detected
2026-05-21 23:59:03.932 - RealTimeSTT: realtimestt - INFO - recording started
2026-05-21 23:59:03.933 - RealTimeSTT: realtimestt - INFO - State changed from 'listening' to 'recording'
2026-05-21 23:59:03.933 - RealTimeSTT: realtimestt - DEBUG - Waiting for recording stop
2026-05-21 23:59:16.096 - RealTimeSTT: realtimestt - INFO - recording stopped
2026-05-21 23:59:16.105 - RealTimeSTT: realtimestt - DEBUG - No samples removed, final audio length: 210944
2026-05-21 23:59:16.105 - RealTimeSTT: realtimestt - INFO - State changed from 'recording' to 'inactive'
2026-05-21 23:59:16.105 - RealTimeSTT: realtimestt - INFO - State changed from 'inactive' to 'transcribing'
2026-05-21 23:59:16.105 - RealTimeSTT: realtimestt - DEBUG - Adding transcription request, no early transcription started
2026-05-21 23:59:16.126 - RealTimeSTT: realtimestt - DEBUG - Receive from parent_transcription_pipe after sendiung transcription request, transcribe_count: 1
2026-05-21 23:59:16.237 - RealTimeSTT: realtimestt - DEBUG - Receive from parent_transcription_pipe after sendiung transcription request, transcribe_count: 1
2026-05-21 23:59:16.345 - RealTimeSTT: realtimestt - DEBUG - Receive from parent_transcription_pipe after sendiung transcription request, transcribe_count: 1
2026-05-21 23:59:16.455 - RealTimeSTT: realtimestt - DEBUG - Receive from parent_transcription_pipe after sendiung transcription request, transcribe_count: 1
2026-05-21 23:59:16.565 - RealTimeSTT: realtimestt - DEBUG - Receive from parent_transcription_pipe after sendiung transcription request, transcribe_count: 1
2026-05-21 23:59:16.676 - RealTimeSTT: realtimestt - DEBUG - Receive from parent_transcription_pipe after sendiung transcription request, transcribe_count: 1
2026-05-21 23:59:16.786 - RealTimeSTT: realtimestt - DEBUG - Receive from parent_transcription_pipe after sendiung transcription request, transcribe_count: 1
2026-05-21 23:59:16.894 - RealTimeSTT: realtimestt - DEBUG - Receive from parent_transcription_pipe after sendiung transcription request, transcribe_count: 1
2026-05-21 23:59:17.005 - RealTimeSTT: realtimestt - DEBUG - Receive from parent_transcription_pipe after sendiung transcription request, transcribe_count: 1
2026-05-21 23:59:17.115 - RealTimeSTT: realtimestt - DEBUG - Receive from parent_transcription_pipe after sendiung transcription request, transcribe_count: 1
2026-05-21 23:59:17.223 - RealTimeSTT: realtimestt - DEBUG - Receive from parent_transcription_pipe after sendiung transcription request, transcribe_count: 1
2026-05-21 23:59:17.301 - RealTimeSTT: realtimestt - INFO - voice activity detected
2026-05-21 23:59:17.301 - RealTimeSTT: realtimestt - INFO - recording started
2026-05-21 23:59:17.301 - RealTimeSTT: realtimestt - INFO - State changed from 'transcribing' to 'recording'
2026-05-21 23:59:17.331 - RealTimeSTT: realtimestt - DEBUG - Receive from parent_transcription_pipe after sendiung transcription request, transcribe_count: 1
2026-05-21 23:59:17.441 - RealTimeSTT: realtimestt - DEBUG - Receive from parent_transcription_pipe after sendiung transcription request, transcribe_count: 1
2026-05-21 23:59:17.550 - RealTimeSTT: realtimestt - DEBUG - Receive from parent_transcription_pipe after sendiung transcription request, transcribe_count: 1
2026-05-21 23:59:17.662 - RealTimeSTT: realtimestt - DEBUG - Receive from parent_transcription_pipe after sendiung transcription request, transcribe_count: 1
2026-05-21 23:59:17.772 - RealTimeSTT: realtimestt - DEBUG - Receive from parent_transcription_pipe after sendiung transcription request, transcribe_count: 1
2026-05-21 23:59:17.881 - RealTimeSTT: realtimestt - DEBUG - Receive from parent_transcription_pipe after sendiung transcription request, transcribe_count: 1
2026-05-21 23:59:17.992 - RealTimeSTT: realtimestt - DEBUG - Receive from parent_transcription_pipe after sendiung transcription request, transcribe_count: 1
2026-05-21 23:59:18.102 - RealTimeSTT: realtimestt - DEBUG - Receive from parent_transcription_pipe after sendiung transcription request, transcribe_count: 1
2026-05-21 23:59:18.210 - RealTimeSTT: realtimestt - DEBUG - Receive from parent_transcription_pipe after sendiung transcription request, transcribe_count: 1
2026-05-21 23:59:18.321 - RealTimeSTT: realtimestt - DEBUG - Receive from parent_transcription_pipe after sendiung transcription request, transcribe_count: 1
2026-05-21 23:59:18.432 - RealTimeSTT: realtimestt - DEBUG - Receive from parent_transcription_pipe after sendiung transcription request, transcribe_count: 1
2026-05-21 23:59:18.542 - RealTimeSTT: realtimestt - DEBUG - Receive from parent_transcription_pipe after sendiung transcription request, transcribe_count: 1
2026-05-21 23:59:18.652 - RealTimeSTT: realtimestt - DEBUG - Receive from parent_transcription_pipe after sendiung transcription request, transcribe_count: 1
2026-05-21 23:59:18.762 - RealTimeSTT: realtimestt - DEBUG - Receive from parent_transcription_pipe after sendiung transcription request, transcribe_count: 1
2026-05-21 23:59:18.871 - RealTimeSTT: realtimestt - DEBUG - Receive from parent_transcription_pipe after sendiung transcription request, transcribe_count: 1
2026-05-21 23:59:18.980 - RealTimeSTT: realtimestt - DEBUG - Receive from parent_transcription_pipe after sendiung transcription request, transcribe_count: 1
2026-05-21 23:59:19.090 - RealTimeSTT: realtimestt - DEBUG - Receive from parent_transcription_pipe after sendiung transcription request, transcribe_count: 1
2026-05-21 23:59:19.169 - RealTimeSTT: realtimestt - INFO - recording stopped
2026-05-21 23:59:19.201 - RealTimeSTT: realtimestt - DEBUG - Receive from parent_transcription_pipe after sendiung transcription request, transcribe_count: 1
2026-05-21 23:59:19.313 - RealTimeSTT: realtimestt - DEBUG - Receive from parent_transcription_pipe after sendiung transcription request, transcribe_count: 1
2026-05-21 23:59:19.421 - RealTimeSTT: realtimestt - DEBUG - Receive from parent_transcription_pipe after sendiung transcription request, transcribe_count: 1
2026-05-21 23:59:19.531 - RealTimeSTT: realtimestt - DEBUG - Receive from parent_transcription_pipe after sendiung transcription request, transcribe_count: 1
2026-05-21 23:59:19.640 - RealTimeSTT: realtimestt - DEBUG - Receive from parent_transcription_pipe after sendiung transcription request, transcribe_count: 1
2026-05-21 23:59:19.750 - RealTimeSTT: realtimestt - DEBUG - Receive from parent_transcription_pipe after sendiung transcription request, transcribe_count: 1
2026-05-21 23:59:19.861 - RealTimeSTT: realtimestt - DEBUG - Receive from parent_transcription_pipe after sendiung transcription request, transcribe_count: 1
2026-05-21 23:59:19.973 - RealTimeSTT: realtimestt - DEBUG - Receive from parent_transcription_pipe after sendiung transcription request, transcribe_count: 1
2026-05-21 23:59:20.082 - RealTimeSTT: realtimestt - DEBUG - Receive from parent_transcription_pipe after sendiung transcription request, transcribe_count: 1
2026-05-21 23:59:20.191 - RealTimeSTT: realtimestt - DEBUG - Receive from parent_transcription_pipe after sendiung transcription request, transcribe_count: 1
2026-05-21 23:59:20.300 - RealTimeSTT: realtimestt - DEBUG - Receive from parent_transcription_pipe after sendiung transcription request, transcribe_count: 1
2026-05-21 23:59:20.411 - RealTimeSTT: realtimestt - DEBUG - Receive from parent_transcription_pipe after sendiung transcription request, transcribe_count: 1
2026-05-21 23:59:20.518 - RealTimeSTT: realtimestt - DEBUG - Receive from parent_transcription_pipe after sendiung transcription request, transcribe_count: 1
2026-05-21 23:59:20.628 - RealTimeSTT: realtimestt - DEBUG - Receive from parent_transcription_pipe after sendiung transcription request, transcribe_count: 1
2026-05-21 23:59:20.738 - RealTimeSTT: realtimestt - DEBUG - Receive from parent_transcription_pipe after sendiung transcription request, transcribe_count: 1
2026-05-21 23:59:20.754 - RealTimeSTT: realtimestt - INFO - State changed from 'recording' to 'inactive'
2026-05-21 23:59:20.758 - RealTimeSTT: realtimestt - DEBUG - Model small completed transcription in 4.65 seconds
2026-05-21 23:59:20.759 - RealTimeSTT: realtimestt - INFO - Setting listen time
2026-05-21 23:59:20.759 - RealTimeSTT: realtimestt - DEBUG - No samples removed, final audio length: 46080
2026-05-21 23:59:20.759 - RealTimeSTT: realtimestt - INFO - State changed from 'inactive' to 'transcribing'
2026-05-21 23:59:20.759 - RealTimeSTT: realtimestt - DEBUG - Adding transcription request, no early transcription started
2026-05-21 23:59:20.774 - RealTimeSTT: realtimestt - DEBUG - Receive from parent_transcription_pipe after sendiung transcription request, transcribe_count: 1
2026-05-21 23:59:20.879 - RealTimeSTT: realtimestt - DEBUG - Receive from parent_transcription_pipe after sendiung transcription request, transcribe_count: 1
2026-05-21 23:59:20.989 - RealTimeSTT: realtimestt - DEBUG - Receive from parent_transcription_pipe after sendiung transcription request, transcribe_count: 1
2026-05-21 23:59:21.099 - RealTimeSTT: realtimestt - DEBUG - Receive from parent_transcription_pipe after sendiung transcription request, transcribe_count: 1
2026-05-21 23:59:21.209 - RealTimeSTT: realtimestt - DEBUG - Receive from parent_transcription_pipe after sendiung transcription request, transcribe_count: 1
2026-05-21 23:59:21.319 - RealTimeSTT: realtimestt - DEBUG - Receive from parent_transcription_pipe after sendiung transcription request, transcribe_count: 1
2026-05-21 23:59:21.427 - RealTimeSTT: realtimestt - DEBUG - Receive from parent_transcription_pipe after sendiung transcription request, transcribe_count: 1
2026-05-21 23:59:21.534 - RealTimeSTT: realtimestt - DEBUG - Receive from parent_transcription_pipe after sendiung transcription request, transcribe_count: 1
2026-05-21 23:59:21.645 - RealTimeSTT: realtimestt - DEBUG - Receive from parent_transcription_pipe after sendiung transcription request, transcribe_count: 1
2026-05-21 23:59:21.755 - RealTimeSTT: realtimestt - DEBUG - Receive from parent_transcription_pipe after sendiung transcription request, transcribe_count: 1
2026-05-21 23:59:21.865 - RealTimeSTT: realtimestt - DEBUG - Receive from parent_transcription_pipe after sendiung transcription request, transcribe_count: 1
2026-05-21 23:59:21.975 - RealTimeSTT: realtimestt - DEBUG - Receive from parent_transcription_pipe after sendiung transcription request, transcribe_count: 1
2026-05-21 23:59:22.083 - RealTimeSTT: realtimestt - DEBUG - Receive from parent_transcription_pipe after sendiung transcription request, transcribe_count: 1
2026-05-21 23:59:22.194 - RealTimeSTT: realtimestt - DEBUG - Receive from parent_transcription_pipe after sendiung transcription request, transcribe_count: 1
2026-05-21 23:59:22.305 - RealTimeSTT: realtimestt - DEBUG - Receive from parent_transcription_pipe after sendiung transcription request, transcribe_count: 1
2026-05-21 23:59:22.417 - RealTimeSTT: realtimestt - DEBUG - Receive from parent_transcription_pipe after sendiung transcription request, transcribe_count: 1
2026-05-21 23:59:22.529 - RealTimeSTT: realtimestt - DEBUG - Receive from parent_transcription_pipe after sendiung transcription request, transcribe_count: 1
2026-05-21 23:59:22.638 - RealTimeSTT: realtimestt - DEBUG - Receive from parent_transcription_pipe after sendiung transcription request, transcribe_count: 1
2026-05-21 23:59:22.749 - RealTimeSTT: realtimestt - DEBUG - Receive from parent_transcription_pipe after sendiung transcription request, transcribe_count: 1
2026-05-21 23:59:22.858 - RealTimeSTT: realtimestt - DEBUG - Receive from parent_transcription_pipe after sendiung transcription request, transcribe_count: 1
2026-05-21 23:59:22.968 - RealTimeSTT: realtimestt - DEBUG - Receive from parent_transcription_pipe after sendiung transcription request, transcribe_count: 1
2026-05-21 23:59:23.077 - RealTimeSTT: realtimestt - DEBUG - Receive from parent_transcription_pipe after sendiung transcription request, transcribe_count: 1
2026-05-21 23:59:23.188 - RealTimeSTT: realtimestt - DEBUG - Receive from parent_transcription_pipe after sendiung transcription request, transcribe_count: 1
2026-05-21 23:59:23.298 - RealTimeSTT: realtimestt - DEBUG - Receive from parent_transcription_pipe after sendiung transcription request, transcribe_count: 1
2026-05-21 23:59:23.410 - RealTimeSTT: realtimestt - DEBUG - Receive from parent_transcription_pipe after sendiung transcription request, transcribe_count: 1
2026-05-21 23:59:23.519 - RealTimeSTT: realtimestt - DEBUG - Receive from parent_transcription_pipe after sendiung transcription request, transcribe_count: 1
2026-05-21 23:59:23.629 - RealTimeSTT: realtimestt - DEBUG - Receive from parent_transcription_pipe after sendiung transcription request, transcribe_count: 1
2026-05-21 23:59:23.738 - RealTimeSTT: realtimestt - DEBUG - Receive from parent_transcription_pipe after sendiung transcription request, transcribe_count: 1
2026-05-21 23:59:23.850 - RealTimeSTT: realtimestt - DEBUG - Receive from parent_transcription_pipe after sendiung transcription request, transcribe_count: 1
2026-05-21 23:59:23.960 - RealTimeSTT: realtimestt - DEBUG - Receive from parent_transcription_pipe after sendiung transcription request, transcribe_count: 1
2026-05-21 23:59:24.069 - RealTimeSTT: realtimestt - DEBUG - Receive from parent_transcription_pipe after sendiung transcription request, transcribe_count: 1
2026-05-21 23:59:24.178 - RealTimeSTT: realtimestt - DEBUG - Receive from parent_transcription_pipe after sendiung transcription request, transcribe_count: 1
2026-05-21 23:59:24.288 - RealTimeSTT: realtimestt - DEBUG - Receive from parent_transcription_pipe after sendiung transcription request, transcribe_count: 1
2026-05-21 23:59:24.401 - RealTimeSTT: realtimestt - DEBUG - Receive from parent_transcription_pipe after sendiung transcription request, transcribe_count: 1
2026-05-21 23:59:24.510 - RealTimeSTT: realtimestt - DEBUG - Receive from parent_transcription_pipe after sendiung transcription request, transcribe_count: 1
2026-05-21 23:59:24.620 - RealTimeSTT: realtimestt - DEBUG - Receive from parent_transcription_pipe after sendiung transcription request, transcribe_count: 1
2026-05-21 23:59:24.730 - RealTimeSTT: realtimestt - DEBUG - Receive from parent_transcription_pipe after sendiung transcription request, transcribe_count: 1
2026-05-21 23:59:24.839 - RealTimeSTT: realtimestt - DEBUG - Receive from parent_transcription_pipe after sendiung transcription request, transcribe_count: 1
2026-05-21 23:59:24.950 - RealTimeSTT: realtimestt - DEBUG - Receive from parent_transcription_pipe after sendiung transcription request, transcribe_count: 1
2026-05-21 23:59:25.057 - RealTimeSTT: realtimestt - DEBUG - Receive from parent_transcription_pipe after sendiung transcription request, transcribe_count: 1
2026-05-21 23:59:25.167 - RealTimeSTT: realtimestt - DEBUG - Receive from parent_transcription_pipe after sendiung transcription request, transcribe_count: 1
2026-05-21 23:59:25.277 - RealTimeSTT: realtimestt - DEBUG - Receive from parent_transcription_pipe after sendiung transcription request, transcribe_count: 1
2026-05-21 23:59:25.318 - RealTimeSTT: realtimestt - INFO - State changed from 'transcribing' to 'inactive'
2026-05-21 23:59:25.319 - RealTimeSTT: realtimestt - DEBUG - Model small completed transcription in 4.56 seconds
2026-05-21 23:59:25.319 - RealTimeSTT: realtimestt - INFO - Setting listen time
2026-05-21 23:59:25.319 - RealTimeSTT: realtimestt - INFO - State changed from 'inactive' to 'listening'
2026-05-21 23:59:25.320 - RealTimeSTT: realtimestt - DEBUG - Waiting for recording start
2026-05-21 23:59:26.125 - RealTimeSTT: realtimestt - INFO - voice activity detected
2026-05-21 23:59:26.125 - RealTimeSTT: realtimestt - INFO - recording started
2026-05-21 23:59:26.125 - RealTimeSTT: realtimestt - INFO - State changed from 'listening' to 'recording'
2026-05-21 23:59:26.125 - RealTimeSTT: realtimestt - DEBUG - Waiting for recording stop
2026-05-21 23:59:27.295 - RealTimeSTT: realtimestt - INFO - recording stopped
2026-05-21 23:59:27.297 - RealTimeSTT: realtimestt - DEBUG - No samples removed, final audio length: 34816
2026-05-21 23:59:27.297 - RealTimeSTT: realtimestt - INFO - State changed from 'recording' to 'inactive'
2026-05-21 23:59:27.297 - RealTimeSTT: realtimestt - INFO - State changed from 'inactive' to 'transcribing'
2026-05-21 23:59:27.297 - RealTimeSTT: realtimestt - DEBUG - Adding transcription request, no early transcription started
2026-05-21 23:59:27.300 - RealTimeSTT: realtimestt - DEBUG - Receive from parent_transcription_pipe after sendiung transcription request, transcribe_count: 1
2026-05-21 23:59:27.403 - RealTimeSTT: realtimestt - DEBUG - Receive from parent_transcription_pipe after sendiung transcription request, transcribe_count: 1
2026-05-21 23:59:27.512 - RealTimeSTT: realtimestt - DEBUG - Receive from parent_transcription_pipe after sendiung transcription request, transcribe_count: 1
2026-05-21 23:59:27.620 - RealTimeSTT: realtimestt - DEBUG - Receive from parent_transcription_pipe after sendiung transcription request, transcribe_count: 1
2026-05-21 23:59:27.729 - RealTimeSTT: realtimestt - DEBUG - Receive from parent_transcription_pipe after sendiung transcription request, transcribe_count: 1
2026-05-21 23:59:27.837 - RealTimeSTT: realtimestt - DEBUG - Receive from parent_transcription_pipe after sendiung transcription request, transcribe_count: 1
2026-05-21 23:59:27.945 - RealTimeSTT: realtimestt - DEBUG - Receive from parent_transcription_pipe after sendiung transcription request, transcribe_count: 1
2026-05-21 23:59:28.052 - RealTimeSTT: realtimestt - DEBUG - Receive from parent_transcription_pipe after sendiung transcription request, transcribe_count: 1
2026-05-21 23:59:28.162 - RealTimeSTT: realtimestt - DEBUG - Receive from parent_transcription_pipe after sendiung transcription request, transcribe_count: 1
2026-05-21 23:59:28.273 - RealTimeSTT: realtimestt - DEBUG - Receive from parent_transcription_pipe after sendiung transcription request, transcribe_count: 1
2026-05-21 23:59:28.382 - RealTimeSTT: realtimestt - DEBUG - Receive from parent_transcription_pipe after sendiung transcription request, transcribe_count: 1
2026-05-21 23:59:28.491 - RealTimeSTT: realtimestt - DEBUG - Receive from parent_transcription_pipe after sendiung transcription request, transcribe_count: 1
2026-05-21 23:59:28.601 - RealTimeSTT: realtimestt - DEBUG - Receive from parent_transcription_pipe after sendiung transcription request, transcribe_count: 1
2026-05-21 23:59:28.711 - RealTimeSTT: realtimestt - DEBUG - Receive from parent_transcription_pipe after sendiung transcription request, transcribe_count: 1
2026-05-21 23:59:28.820 - RealTimeSTT: realtimestt - DEBUG - Receive from parent_transcription_pipe after sendiung transcription request, transcribe_count: 1
2026-05-21 23:59:28.929 - RealTimeSTT: realtimestt - DEBUG - Receive from parent_transcription_pipe after sendiung transcription request, transcribe_count: 1
2026-05-21 23:59:29.040 - RealTimeSTT: realtimestt - DEBUG - Receive from parent_transcription_pipe after sendiung transcription request, transcribe_count: 1
2026-05-21 23:59:29.152 - RealTimeSTT: realtimestt - DEBUG - Receive from parent_transcription_pipe after sendiung transcription request, transcribe_count: 1
2026-05-21 23:59:29.262 - RealTimeSTT: realtimestt - DEBUG - Receive from parent_transcription_pipe after sendiung transcription request, transcribe_count: 1
2026-05-21 23:59:29.373 - RealTimeSTT: realtimestt - DEBUG - Receive from parent_transcription_pipe after sendiung transcription request, transcribe_count: 1
2026-05-21 23:59:29.482 - RealTimeSTT: realtimestt - DEBUG - Receive from parent_transcription_pipe after sendiung transcription request, transcribe_count: 1
2026-05-21 23:59:29.594 - RealTimeSTT: realtimestt - DEBUG - Receive from parent_transcription_pipe after sendiung transcription request, transcribe_count: 1
2026-05-21 23:59:29.703 - RealTimeSTT: realtimestt - DEBUG - Receive from parent_transcription_pipe after sendiung transcription request, transcribe_count: 1
2026-05-21 23:59:29.814 - RealTimeSTT: realtimestt - DEBUG - Receive from parent_transcription_pipe after sendiung transcription request, transcribe_count: 1
2026-05-21 23:59:29.923 - RealTimeSTT: realtimestt - DEBUG - Receive from parent_transcription_pipe after sendiung transcription request, transcribe_count: 1
2026-05-21 23:59:30.032 - RealTimeSTT: realtimestt - DEBUG - Receive from parent_transcription_pipe after sendiung transcription request, transcribe_count: 1
2026-05-21 23:59:30.142 - RealTimeSTT: realtimestt - DEBUG - Receive from parent_transcription_pipe after sendiung transcription request, transcribe_count: 1
2026-05-21 23:59:30.252 - RealTimeSTT: realtimestt - DEBUG - Receive from parent_transcription_pipe after sendiung transcription request, transcribe_count: 1
2026-05-21 23:59:30.363 - RealTimeSTT: realtimestt - DEBUG - Receive from parent_transcription_pipe after sendiung transcription request, transcribe_count: 1
2026-05-21 23:59:30.474 - RealTimeSTT: realtimestt - DEBUG - Receive from parent_transcription_pipe after sendiung transcription request, transcribe_count: 1
2026-05-21 23:59:30.584 - RealTimeSTT: realtimestt - DEBUG - Receive from parent_transcription_pipe after sendiung transcription request, transcribe_count: 1
2026-05-21 23:59:30.694 - RealTimeSTT: realtimestt - DEBUG - Receive from parent_transcription_pipe after sendiung transcription request, transcribe_count: 1
2026-05-21 23:59:30.804 - RealTimeSTT: realtimestt - DEBUG - Receive from parent_transcription_pipe after sendiung transcription request, transcribe_count: 1
2026-05-21 23:59:30.914 - RealTimeSTT: realtimestt - DEBUG - Receive from parent_transcription_pipe after sendiung transcription request, transcribe_count: 1
2026-05-21 23:59:31.025 - RealTimeSTT: realtimestt - DEBUG - Receive from parent_transcription_pipe after sendiung transcription request, transcribe_count: 1
2026-05-21 23:59:31.134 - RealTimeSTT: realtimestt - DEBUG - Receive from parent_transcription_pipe after sendiung transcription request, transcribe_count: 1
2026-05-21 23:59:31.201 - RealTimeSTT: realtimestt - INFO - State changed from 'transcribing' to 'inactive'
2026-05-21 23:59:31.201 - RealTimeSTT: realtimestt - DEBUG - Model small completed transcription in 3.90 seconds
2026-05-21 23:59:31.202 - RealTimeSTT: realtimestt - INFO - Setting listen time
2026-05-21 23:59:31.202 - RealTimeSTT: realtimestt - INFO - State changed from 'inactive' to 'listening'
2026-05-21 23:59:31.203 - RealTimeSTT: realtimestt - DEBUG - Waiting for recording start
2026-05-21 23:59:39.378 - RealTimeSTT: realtimestt - INFO - voice activity detected
2026-05-21 23:59:39.378 - RealTimeSTT: realtimestt - INFO - recording started
2026-05-21 23:59:39.378 - RealTimeSTT: realtimestt - INFO - State changed from 'listening' to 'recording'
2026-05-21 23:59:39.379 - RealTimeSTT: realtimestt - DEBUG - Waiting for recording stop
2026-05-21 23:59:44.372 - RealTimeSTT: realtimestt - INFO - recording stopped
2026-05-21 23:59:44.376 - RealTimeSTT: realtimestt - DEBUG - No samples removed, final audio length: 96256
2026-05-21 23:59:44.376 - RealTimeSTT: realtimestt - INFO - State changed from 'recording' to 'inactive'
2026-05-21 23:59:44.376 - RealTimeSTT: realtimestt - INFO - State changed from 'inactive' to 'transcribing'
2026-05-21 23:59:44.376 - RealTimeSTT: realtimestt - DEBUG - Adding transcription request, no early transcription started
2026-05-21 23:59:44.393 - RealTimeSTT: realtimestt - DEBUG - Receive from parent_transcription_pipe after sendiung transcription request, transcribe_count: 1
2026-05-21 23:59:44.499 - RealTimeSTT: realtimestt - DEBUG - Receive from parent_transcription_pipe after sendiung transcription request, transcribe_count: 1
2026-05-21 23:59:44.609 - RealTimeSTT: realtimestt - DEBUG - Receive from parent_transcription_pipe after sendiung transcription request, transcribe_count: 1
2026-05-21 23:59:44.688 - RealTimeSTT: realtimestt - INFO - voice activity detected
2026-05-21 23:59:44.688 - RealTimeSTT: realtimestt - INFO - recording started
2026-05-21 23:59:44.688 - RealTimeSTT: realtimestt - INFO - State changed from 'transcribing' to 'recording'
2026-05-21 23:59:44.720 - RealTimeSTT: realtimestt - DEBUG - Receive from parent_transcription_pipe after sendiung transcription request, transcribe_count: 1
2026-05-21 23:59:44.831 - RealTimeSTT: realtimestt - DEBUG - Receive from parent_transcription_pipe after sendiung transcription request, transcribe_count: 1
2026-05-21 23:59:44.939 - RealTimeSTT: realtimestt - DEBUG - Receive from parent_transcription_pipe after sendiung transcription request, transcribe_count: 1
2026-05-21 23:59:45.049 - RealTimeSTT: realtimestt - DEBUG - Receive from parent_transcription_pipe after sendiung transcription request, transcribe_count: 1
2026-05-21 23:59:45.159 - RealTimeSTT: realtimestt - DEBUG - Receive from parent_transcription_pipe after sendiung transcription request, transcribe_count: 1
2026-05-21 23:59:45.269 - RealTimeSTT: realtimestt - DEBUG - Receive from parent_transcription_pipe after sendiung transcription request, transcribe_count: 1
2026-05-21 23:59:45.377 - RealTimeSTT: realtimestt - DEBUG - Receive from parent_transcription_pipe after sendiung transcription request, transcribe_count: 1
2026-05-21 23:59:45.486 - RealTimeSTT: realtimestt - DEBUG - Receive from parent_transcription_pipe after sendiung transcription request, transcribe_count: 1
2026-05-21 23:59:45.597 - RealTimeSTT: realtimestt - DEBUG - Receive from parent_transcription_pipe after sendiung transcription request, transcribe_count: 1
2026-05-21 23:59:45.706 - RealTimeSTT: realtimestt - DEBUG - Receive from parent_transcription_pipe after sendiung transcription request, transcribe_count: 1
2026-05-21 23:59:45.815 - RealTimeSTT: realtimestt - DEBUG - Receive from parent_transcription_pipe after sendiung transcription request, transcribe_count: 1
2026-05-21 23:59:45.925 - RealTimeSTT: realtimestt - DEBUG - Receive from parent_transcription_pipe after sendiung transcription request, transcribe_count: 1
2026-05-21 23:59:46.034 - RealTimeSTT: realtimestt - DEBUG - Receive from parent_transcription_pipe after sendiung transcription request, transcribe_count: 1
2026-05-21 23:59:46.145 - RealTimeSTT: realtimestt - DEBUG - Receive from parent_transcription_pipe after sendiung transcription request, transcribe_count: 1
2026-05-21 23:59:46.223 - RealTimeSTT: realtimestt - INFO - recording stopped
2026-05-21 23:59:46.254 - RealTimeSTT: realtimestt - DEBUG - Receive from parent_transcription_pipe after sendiung transcription request, transcribe_count: 1
2026-05-21 23:59:46.362 - RealTimeSTT: realtimestt - DEBUG - Receive from parent_transcription_pipe after sendiung transcription request, transcribe_count: 1
2026-05-21 23:59:46.472 - RealTimeSTT: realtimestt - DEBUG - Receive from parent_transcription_pipe after sendiung transcription request, transcribe_count: 1
2026-05-21 23:59:46.582 - RealTimeSTT: realtimestt - DEBUG - Receive from parent_transcription_pipe after sendiung transcription request, transcribe_count: 1
2026-05-21 23:59:46.692 - RealTimeSTT: realtimestt - DEBUG - Receive from parent_transcription_pipe after sendiung transcription request, transcribe_count: 1
2026-05-21 23:59:46.800 - RealTimeSTT: realtimestt - DEBUG - Receive from parent_transcription_pipe after sendiung transcription request, transcribe_count: 1
2026-05-21 23:59:46.911 - RealTimeSTT: realtimestt - DEBUG - Receive from parent_transcription_pipe after sendiung transcription request, transcribe_count: 1
2026-05-21 23:59:47.021 - RealTimeSTT: realtimestt - DEBUG - Receive from parent_transcription_pipe after sendiung transcription request, transcribe_count: 1
2026-05-21 23:59:47.130 - RealTimeSTT: realtimestt - DEBUG - Receive from parent_transcription_pipe after sendiung transcription request, transcribe_count: 1
2026-05-21 23:59:47.239 - RealTimeSTT: realtimestt - DEBUG - Receive from parent_transcription_pipe after sendiung transcription request, transcribe_count: 1
2026-05-21 23:59:47.346 - RealTimeSTT: realtimestt - DEBUG - Receive from parent_transcription_pipe after sendiung transcription request, transcribe_count: 1
2026-05-21 23:59:47.455 - RealTimeSTT: realtimestt - DEBUG - Receive from parent_transcription_pipe after sendiung transcription request, transcribe_count: 1
2026-05-21 23:59:47.503 - RealTimeSTT: realtimestt - INFO - voice activity detected
2026-05-21 23:59:47.503 - RealTimeSTT: realtimestt - INFO - recording started
2026-05-21 23:59:47.566 - RealTimeSTT: realtimestt - DEBUG - Receive from parent_transcription_pipe after sendiung transcription request, transcribe_count: 1
2026-05-21 23:59:47.676 - RealTimeSTT: realtimestt - DEBUG - Receive from parent_transcription_pipe after sendiung transcription request, transcribe_count: 1
2026-05-21 23:59:47.786 - RealTimeSTT: realtimestt - DEBUG - Receive from parent_transcription_pipe after sendiung transcription request, transcribe_count: 1
2026-05-21 23:59:47.894 - RealTimeSTT: realtimestt - DEBUG - Receive from parent_transcription_pipe after sendiung transcription request, transcribe_count: 1
2026-05-21 23:59:48.004 - RealTimeSTT: realtimestt - DEBUG - Receive from parent_transcription_pipe after sendiung transcription request, transcribe_count: 1
2026-05-21 23:59:48.113 - RealTimeSTT: realtimestt - DEBUG - Receive from parent_transcription_pipe after sendiung transcription request, transcribe_count: 1
2026-05-21 23:59:48.224 - RealTimeSTT: realtimestt - DEBUG - Receive from parent_transcription_pipe after sendiung transcription request, transcribe_count: 1
2026-05-21 23:59:48.335 - RealTimeSTT: realtimestt - DEBUG - Receive from parent_transcription_pipe after sendiung transcription request, transcribe_count: 1
2026-05-21 23:59:48.446 - RealTimeSTT: realtimestt - DEBUG - Receive from parent_transcription_pipe after sendiung transcription request, transcribe_count: 1
2026-05-21 23:59:48.492 - RealTimeSTT: realtimestt - INFO - State changed from 'recording' to 'inactive'
2026-05-21 23:59:48.494 - RealTimeSTT: realtimestt - DEBUG - Model small completed transcription in 4.12 seconds
2026-05-21 23:59:48.495 - RealTimeSTT: realtimestt - INFO - Setting listen time
2026-05-21 23:59:48.495 - RealTimeSTT: realtimestt - DEBUG - No samples removed, final audio length: 30208
2026-05-21 23:59:48.495 - RealTimeSTT: realtimestt - INFO - State changed from 'inactive' to 'transcribing'
2026-05-21 23:59:48.495 - RealTimeSTT: realtimestt - DEBUG - Adding transcription request, no early transcription started
2026-05-21 23:59:48.499 - RealTimeSTT: realtimestt - DEBUG - Receive from parent_transcription_pipe after sendiung transcription request, transcribe_count: 1
2026-05-21 23:59:48.603 - RealTimeSTT: realtimestt - DEBUG - Receive from parent_transcription_pipe after sendiung transcription request, transcribe_count: 1
2026-05-21 23:59:48.712 - RealTimeSTT: realtimestt - DEBUG - Receive from parent_transcription_pipe after sendiung transcription request, transcribe_count: 1
2026-05-21 23:59:48.820 - RealTimeSTT: realtimestt - DEBUG - Receive from parent_transcription_pipe after sendiung transcription request, transcribe_count: 1
2026-05-21 23:59:48.931 - RealTimeSTT: realtimestt - DEBUG - Receive from parent_transcription_pipe after sendiung transcription request, transcribe_count: 1
2026-05-21 23:59:48.978 - RealTimeSTT: realtimestt - INFO - recording stopped
2026-05-21 23:59:49.040 - RealTimeSTT: realtimestt - DEBUG - Receive from parent_transcription_pipe after sendiung transcription request, transcribe_count: 1
2026-05-21 23:59:49.150 - RealTimeSTT: realtimestt - DEBUG - Receive from parent_transcription_pipe after sendiung transcription request, transcribe_count: 1
2026-05-21 23:59:49.259 - RealTimeSTT: realtimestt - DEBUG - Receive from parent_transcription_pipe after sendiung transcription request, transcribe_count: 1
2026-05-21 23:59:49.368 - RealTimeSTT: realtimestt - DEBUG - Receive from parent_transcription_pipe after sendiung transcription request, transcribe_count: 1
2026-05-21 23:59:49.477 - RealTimeSTT: realtimestt - DEBUG - Receive from parent_transcription_pipe after sendiung transcription request, transcribe_count: 1
2026-05-21 23:59:49.586 - RealTimeSTT: realtimestt - DEBUG - Receive from parent_transcription_pipe after sendiung transcription request, transcribe_count: 1
2026-05-21 23:59:49.697 - RealTimeSTT: realtimestt - DEBUG - Receive from parent_transcription_pipe after sendiung transcription request, transcribe_count: 1
2026-05-21 23:59:49.806 - RealTimeSTT: realtimestt - DEBUG - Receive from parent_transcription_pipe after sendiung transcription request, transcribe_count: 1
2026-05-21 23:59:49.916 - RealTimeSTT: realtimestt - DEBUG - Receive from parent_transcription_pipe after sendiung transcription request, transcribe_count: 1
2026-05-21 23:59:50.026 - RealTimeSTT: realtimestt - DEBUG - Receive from parent_transcription_pipe after sendiung transcription request, transcribe_count: 1
2026-05-21 23:59:50.136 - RealTimeSTT: realtimestt - DEBUG - Receive from parent_transcription_pipe after sendiung transcription request, transcribe_count: 1
2026-05-21 23:59:50.247 - RealTimeSTT: realtimestt - DEBUG - Receive from parent_transcription_pipe after sendiung transcription request, transcribe_count: 1
2026-05-21 23:59:50.357 - RealTimeSTT: realtimestt - DEBUG - Receive from parent_transcription_pipe after sendiung transcription request, transcribe_count: 1
2026-05-21 23:59:50.466 - RealTimeSTT: realtimestt - DEBUG - Receive from parent_transcription_pipe after sendiung transcription request, transcribe_count: 1
2026-05-21 23:59:50.576 - RealTimeSTT: realtimestt - DEBUG - Receive from parent_transcription_pipe after sendiung transcription request, transcribe_count: 1
2026-05-21 23:59:50.685 - RealTimeSTT: realtimestt - DEBUG - Receive from parent_transcription_pipe after sendiung transcription request, transcribe_count: 1
2026-05-21 23:59:50.796 - RealTimeSTT: realtimestt - DEBUG - Receive from parent_transcription_pipe after sendiung transcription request, transcribe_count: 1
2026-05-21 23:59:50.905 - RealTimeSTT: realtimestt - DEBUG - Receive from parent_transcription_pipe after sendiung transcription request, transcribe_count: 1
2026-05-21 23:59:51.015 - RealTimeSTT: realtimestt - DEBUG - Receive from parent_transcription_pipe after sendiung transcription request, transcribe_count: 1
2026-05-21 23:59:51.126 - RealTimeSTT: realtimestt - DEBUG - Receive from parent_transcription_pipe after sendiung transcription request, transcribe_count: 1
2026-05-21 23:59:51.235 - RealTimeSTT: realtimestt - DEBUG - Receive from parent_transcription_pipe after sendiung transcription request, transcribe_count: 1
2026-05-21 23:59:51.346 - RealTimeSTT: realtimestt - DEBUG - Receive from parent_transcription_pipe after sendiung transcription request, transcribe_count: 1
2026-05-21 23:59:51.457 - RealTimeSTT: realtimestt - DEBUG - Receive from parent_transcription_pipe after sendiung transcription request, transcribe_count: 1
2026-05-21 23:59:51.566 - RealTimeSTT: realtimestt - DEBUG - Receive from parent_transcription_pipe after sendiung transcription request, transcribe_count: 1
2026-05-21 23:59:51.676 - RealTimeSTT: realtimestt - DEBUG - Receive from parent_transcription_pipe after sendiung transcription request, transcribe_count: 1
2026-05-21 23:59:51.784 - RealTimeSTT: realtimestt - DEBUG - Receive from parent_transcription_pipe after sendiung transcription request, transcribe_count: 1
2026-05-21 23:59:51.895 - RealTimeSTT: realtimestt - DEBUG - Receive from parent_transcription_pipe after sendiung transcription request, transcribe_count: 1
2026-05-21 23:59:52.005 - RealTimeSTT: realtimestt - DEBUG - Receive from parent_transcription_pipe after sendiung transcription request, transcribe_count: 1
2026-05-21 23:59:52.114 - RealTimeSTT: realtimestt - DEBUG - Receive from parent_transcription_pipe after sendiung transcription request, transcribe_count: 1
2026-05-21 23:59:52.222 - RealTimeSTT: realtimestt - DEBUG - Receive from parent_transcription_pipe after sendiung transcription request, transcribe_count: 1
2026-05-21 23:59:52.331 - RealTimeSTT: realtimestt - DEBUG - Receive from parent_transcription_pipe after sendiung transcription request, transcribe_count: 1
2026-05-21 23:59:52.440 - RealTimeSTT: realtimestt - DEBUG - Receive from parent_transcription_pipe after sendiung transcription request, transcribe_count: 1
2026-05-21 23:59:52.548 - RealTimeSTT: realtimestt - DEBUG - Receive from parent_transcription_pipe after sendiung transcription request, transcribe_count: 1
2026-05-21 23:59:52.587 - RealTimeSTT: realtimestt - INFO - State changed from 'transcribing' to 'inactive'
2026-05-21 23:59:52.588 - RealTimeSTT: realtimestt - DEBUG - Model small completed transcription in 4.09 seconds
2026-05-21 23:59:52.589 - RealTimeSTT: realtimestt - INFO - Setting listen time
2026-05-21 23:59:52.589 - RealTimeSTT: realtimestt - DEBUG - No samples removed, final audio length: 39936
2026-05-21 23:59:52.589 - RealTimeSTT: realtimestt - INFO - State changed from 'inactive' to 'transcribing'
2026-05-21 23:59:52.589 - RealTimeSTT: realtimestt - DEBUG - Adding transcription request, no early transcription started
2026-05-21 23:59:52.600 - RealTimeSTT: realtimestt - DEBUG - Receive from parent_transcription_pipe after sendiung transcription request, transcribe_count: 1
2026-05-21 23:59:52.705 - RealTimeSTT: realtimestt - DEBUG - Receive from parent_transcription_pipe after sendiung transcription request, transcribe_count: 1
2026-05-21 23:59:52.815 - RealTimeSTT: realtimestt - DEBUG - Receive from parent_transcription_pipe after sendiung transcription request, transcribe_count: 1
2026-05-21 23:59:52.924 - RealTimeSTT: realtimestt - DEBUG - Receive from parent_transcription_pipe after sendiung transcription request, transcribe_count: 1
2026-05-21 23:59:53.034 - RealTimeSTT: realtimestt - DEBUG - Receive from parent_transcription_pipe after sendiung transcription request, transcribe_count: 1
2026-05-21 23:59:53.142 - RealTimeSTT: realtimestt - DEBUG - Receive from parent_transcription_pipe after sendiung transcription request, transcribe_count: 1
2026-05-21 23:59:53.254 - RealTimeSTT: realtimestt - DEBUG - Receive from parent_transcription_pipe after sendiung transcription request, transcribe_count: 1
2026-05-21 23:59:53.366 - RealTimeSTT: realtimestt - DEBUG - Receive from parent_transcription_pipe after sendiung transcription request, transcribe_count: 1
2026-05-21 23:59:53.473 - RealTimeSTT: realtimestt - DEBUG - Receive from parent_transcription_pipe after sendiung transcription request, transcribe_count: 1
2026-05-21 23:59:53.581 - RealTimeSTT: realtimestt - DEBUG - Receive from parent_transcription_pipe after sendiung transcription request, transcribe_count: 1
2026-05-21 23:59:53.690 - RealTimeSTT: realtimestt - DEBUG - Receive from parent_transcription_pipe after sendiung transcription request, transcribe_count: 1
2026-05-21 23:59:53.797 - RealTimeSTT: realtimestt - DEBUG - Receive from parent_transcription_pipe after sendiung transcription request, transcribe_count: 1
2026-05-21 23:59:53.905 - RealTimeSTT: realtimestt - DEBUG - Receive from parent_transcription_pipe after sendiung transcription request, transcribe_count: 1
2026-05-21 23:59:54.013 - RealTimeSTT: realtimestt - DEBUG - Receive from parent_transcription_pipe after sendiung transcription request, transcribe_count: 1
2026-05-21 23:59:54.122 - RealTimeSTT: realtimestt - DEBUG - Receive from parent_transcription_pipe after sendiung transcription request, transcribe_count: 1
2026-05-21 23:59:54.230 - RealTimeSTT: realtimestt - DEBUG - Receive from parent_transcription_pipe after sendiung transcription request, transcribe_count: 1
2026-05-21 23:59:54.339 - RealTimeSTT: realtimestt - DEBUG - Receive from parent_transcription_pipe after sendiung transcription request, transcribe_count: 1
2026-05-21 23:59:54.450 - RealTimeSTT: realtimestt - DEBUG - Receive from parent_transcription_pipe after sendiung transcription request, transcribe_count: 1
2026-05-21 23:59:54.560 - RealTimeSTT: realtimestt - DEBUG - Receive from parent_transcription_pipe after sendiung transcription request, transcribe_count: 1
2026-05-21 23:59:54.670 - RealTimeSTT: realtimestt - DEBUG - Receive from parent_transcription_pipe after sendiung transcription request, transcribe_count: 1
2026-05-21 23:59:54.780 - RealTimeSTT: realtimestt - DEBUG - Receive from parent_transcription_pipe after sendiung transcription request, transcribe_count: 1
2026-05-21 23:59:54.890 - RealTimeSTT: realtimestt - DEBUG - Receive from parent_transcription_pipe after sendiung transcription request, transcribe_count: 1
2026-05-21 23:59:54.999 - RealTimeSTT: realtimestt - DEBUG - Receive from parent_transcription_pipe after sendiung transcription request, transcribe_count: 1
2026-05-21 23:59:55.109 - RealTimeSTT: realtimestt - DEBUG - Receive from parent_transcription_pipe after sendiung transcription request, transcribe_count: 1
2026-05-21 23:59:55.220 - RealTimeSTT: realtimestt - DEBUG - Receive from parent_transcription_pipe after sendiung transcription request, transcribe_count: 1
2026-05-21 23:59:55.329 - RealTimeSTT: realtimestt - DEBUG - Receive from parent_transcription_pipe after sendiung transcription request, transcribe_count: 1
2026-05-21 23:59:55.440 - RealTimeSTT: realtimestt - DEBUG - Receive from parent_transcription_pipe after sendiung transcription request, transcribe_count: 1
2026-05-21 23:59:55.548 - RealTimeSTT: realtimestt - DEBUG - Receive from parent_transcription_pipe after sendiung transcription request, transcribe_count: 1
2026-05-21 23:59:55.658 - RealTimeSTT: realtimestt - DEBUG - Receive from parent_transcription_pipe after sendiung transcription request, transcribe_count: 1
2026-05-21 23:59:55.768 - RealTimeSTT: realtimestt - DEBUG - Receive from parent_transcription_pipe after sendiung transcription request, transcribe_count: 1
2026-05-21 23:59:55.878 - RealTimeSTT: realtimestt - DEBUG - Receive from parent_transcription_pipe after sendiung transcription request, transcribe_count: 1
2026-05-21 23:59:55.990 - RealTimeSTT: realtimestt - DEBUG - Receive from parent_transcription_pipe after sendiung transcription request, transcribe_count: 1
2026-05-21 23:59:56.100 - RealTimeSTT: realtimestt - DEBUG - Receive from parent_transcription_pipe after sendiung transcription request, transcribe_count: 1
2026-05-21 23:59:56.207 - RealTimeSTT: realtimestt - DEBUG - Receive from parent_transcription_pipe after sendiung transcription request, transcribe_count: 1
2026-05-21 23:59:56.318 - RealTimeSTT: realtimestt - DEBUG - Receive from parent_transcription_pipe after sendiung transcription request, transcribe_count: 1
2026-05-21 23:59:56.427 - RealTimeSTT: realtimestt - DEBUG - Receive from parent_transcription_pipe after sendiung transcription request, transcribe_count: 1
2026-05-21 23:59:56.537 - RealTimeSTT: realtimestt - DEBUG - Receive from parent_transcription_pipe after sendiung transcription request, transcribe_count: 1
2026-05-21 23:59:56.620 - RealTimeSTT: realtimestt - INFO - State changed from 'transcribing' to 'inactive'
2026-05-21 23:59:56.620 - RealTimeSTT: realtimestt - DEBUG - Model small completed transcription in 4.03 seconds
2026-05-21 23:59:56.621 - RealTimeSTT: realtimestt - INFO - Setting listen time
2026-05-21 23:59:56.621 - RealTimeSTT: realtimestt - INFO - State changed from 'inactive' to 'listening'
2026-05-21 23:59:56.621 - RealTimeSTT: realtimestt - DEBUG - Waiting for recording start
2026-05-21 23:59:59.928 - RealTimeSTT: realtimestt - INFO - voice activity detected
2026-05-21 23:59:59.928 - RealTimeSTT: realtimestt - INFO - recording started
2026-05-21 23:59:59.928 - RealTimeSTT: realtimestt - INFO - State changed from 'listening' to 'recording'
2026-05-21 23:59:59.929 - RealTimeSTT: realtimestt - DEBUG - Waiting for recording stop
2026-05-22 00:00:05.562 - RealTimeSTT: realtimestt - INFO - recording stopped
2026-05-22 00:00:05.565 - RealTimeSTT: realtimestt - DEBUG - No samples removed, final audio length: 106496
2026-05-22 00:00:05.565 - RealTimeSTT: realtimestt - INFO - State changed from 'recording' to 'inactive'
2026-05-22 00:00:05.565 - RealTimeSTT: realtimestt - INFO - State changed from 'inactive' to 'transcribing'
2026-05-22 00:00:05.565 - RealTimeSTT: realtimestt - DEBUG - Adding transcription request, no early transcription started
2026-05-22 00:00:05.567 - RealTimeSTT: realtimestt - DEBUG - Receive from parent_transcription_pipe after sendiung transcription request, transcribe_count: 1
2026-05-22 00:00:05.671 - RealTimeSTT: realtimestt - DEBUG - Receive from parent_transcription_pipe after sendiung transcription request, transcribe_count: 1
2026-05-22 00:00:05.781 - RealTimeSTT: realtimestt - DEBUG - Receive from parent_transcription_pipe after sendiung transcription request, transcribe_count: 1
2026-05-22 00:00:05.890 - RealTimeSTT: realtimestt - DEBUG - Receive from parent_transcription_pipe after sendiung transcription request, transcribe_count: 1
2026-05-22 00:00:06.000 - RealTimeSTT: realtimestt - DEBUG - Receive from parent_transcription_pipe after sendiung transcription request, transcribe_count: 1
2026-05-22 00:00:06.110 - RealTimeSTT: realtimestt - DEBUG - Receive from parent_transcription_pipe after sendiung transcription request, transcribe_count: 1
2026-05-22 00:00:06.220 - RealTimeSTT: realtimestt - DEBUG - Receive from parent_transcription_pipe after sendiung transcription request, transcribe_count: 1
2026-05-22 00:00:06.329 - RealTimeSTT: realtimestt - DEBUG - Receive from parent_transcription_pipe after sendiung transcription request, transcribe_count: 1
2026-05-22 00:00:06.440 - RealTimeSTT: realtimestt - DEBUG - Receive from parent_transcription_pipe after sendiung transcription request, transcribe_count: 1
2026-05-22 00:00:06.551 - RealTimeSTT: realtimestt - DEBUG - Receive from parent_transcription_pipe after sendiung transcription request, transcribe_count: 1
2026-05-22 00:00:06.660 - RealTimeSTT: realtimestt - DEBUG - Receive from parent_transcription_pipe after sendiung transcription request, transcribe_count: 1
2026-05-22 00:00:06.768 - RealTimeSTT: realtimestt - DEBUG - Receive from parent_transcription_pipe after sendiung transcription request, transcribe_count: 1
2026-05-22 00:00:06.876 - RealTimeSTT: realtimestt - DEBUG - Receive from parent_transcription_pipe after sendiung transcription request, transcribe_count: 1
2026-05-22 00:00:06.985 - RealTimeSTT: realtimestt - DEBUG - Receive from parent_transcription_pipe after sendiung transcription request, transcribe_count: 1
2026-05-22 00:00:07.095 - RealTimeSTT: realtimestt - DEBUG - Receive from parent_transcription_pipe after sendiung transcription request, transcribe_count: 1
2026-05-22 00:00:07.201 - RealTimeSTT: realtimestt - DEBUG - Receive from parent_transcription_pipe after sendiung transcription request, transcribe_count: 1
2026-05-22 00:00:07.311 - RealTimeSTT: realtimestt - DEBUG - Receive from parent_transcription_pipe after sendiung transcription request, transcribe_count: 1
2026-05-22 00:00:07.422 - RealTimeSTT: realtimestt - DEBUG - Receive from parent_transcription_pipe after sendiung transcription request, transcribe_count: 1
2026-05-22 00:00:07.484 - RealTimeSTT: realtimestt - INFO - voice activity detected
2026-05-22 00:00:07.484 - RealTimeSTT: realtimestt - INFO - recording started
2026-05-22 00:00:07.484 - RealTimeSTT: realtimestt - INFO - State changed from 'transcribing' to 'recording'
2026-05-22 00:00:07.531 - RealTimeSTT: realtimestt - DEBUG - Receive from parent_transcription_pipe after sendiung transcription request, transcribe_count: 1
2026-05-22 00:00:07.640 - RealTimeSTT: realtimestt - DEBUG - Receive from parent_transcription_pipe after sendiung transcription request, transcribe_count: 1
2026-05-22 00:00:07.750 - RealTimeSTT: realtimestt - DEBUG - Receive from parent_transcription_pipe after sendiung transcription request, transcribe_count: 1
2026-05-22 00:00:07.860 - RealTimeSTT: realtimestt - DEBUG - Receive from parent_transcription_pipe after sendiung transcription request, transcribe_count: 1
2026-05-22 00:00:07.969 - RealTimeSTT: realtimestt - DEBUG - Receive from parent_transcription_pipe after sendiung transcription request, transcribe_count: 1
2026-05-22 00:00:08.077 - RealTimeSTT: realtimestt - DEBUG - Receive from parent_transcription_pipe after sendiung transcription request, transcribe_count: 1
2026-05-22 00:00:08.185 - RealTimeSTT: realtimestt - DEBUG - Receive from parent_transcription_pipe after sendiung transcription request, transcribe_count: 1
2026-05-22 00:00:08.295 - RealTimeSTT: realtimestt - DEBUG - Receive from parent_transcription_pipe after sendiung transcription request, transcribe_count: 1
2026-05-22 00:00:08.405 - RealTimeSTT: realtimestt - DEBUG - Receive from parent_transcription_pipe after sendiung transcription request, transcribe_count: 1
2026-05-22 00:00:08.514 - RealTimeSTT: realtimestt - DEBUG - Receive from parent_transcription_pipe after sendiung transcription request, transcribe_count: 1
2026-05-22 00:00:08.624 - RealTimeSTT: realtimestt - DEBUG - Receive from parent_transcription_pipe after sendiung transcription request, transcribe_count: 1
2026-05-22 00:00:08.734 - RealTimeSTT: realtimestt - DEBUG - Receive from parent_transcription_pipe after sendiung transcription request, transcribe_count: 1
2026-05-22 00:00:08.842 - RealTimeSTT: realtimestt - DEBUG - Receive from parent_transcription_pipe after sendiung transcription request, transcribe_count: 1
2026-05-22 00:00:08.951 - RealTimeSTT: realtimestt - DEBUG - Receive from parent_transcription_pipe after sendiung transcription request, transcribe_count: 1
2026-05-22 00:00:09.061 - RealTimeSTT: realtimestt - DEBUG - Receive from parent_transcription_pipe after sendiung transcription request, transcribe_count: 1
2026-05-22 00:00:09.171 - RealTimeSTT: realtimestt - DEBUG - Receive from parent_transcription_pipe after sendiung transcription request, transcribe_count: 1
2026-05-22 00:00:09.281 - RealTimeSTT: realtimestt - DEBUG - Receive from parent_transcription_pipe after sendiung transcription request, transcribe_count: 1
2026-05-22 00:00:09.339 - RealTimeSTT: realtimestt - INFO - State changed from 'recording' to 'inactive'
2026-05-22 00:00:09.341 - RealTimeSTT: realtimestt - DEBUG - Model small completed transcription in 3.78 seconds
2026-05-22 00:00:09.342 - RealTimeSTT: realtimestt - INFO - Setting listen time
2026-05-22 00:00:09.342 - RealTimeSTT: realtimestt - DEBUG - Waiting for recording stop
2026-05-22 00:00:10.816 - RealTimeSTT: realtimestt - INFO - recording stopped
2026-05-22 00:00:10.819 - RealTimeSTT: realtimestt - DEBUG - No samples removed, final audio length: 69632
2026-05-22 00:00:10.819 - RealTimeSTT: realtimestt - INFO - State changed from 'inactive' to 'transcribing'
2026-05-22 00:00:10.819 - RealTimeSTT: realtimestt - DEBUG - Adding transcription request, no early transcription started
2026-05-22 00:00:10.836 - RealTimeSTT: realtimestt - DEBUG - Receive from parent_transcription_pipe after sendiung transcription request, transcribe_count: 1
2026-05-22 00:00:10.940 - RealTimeSTT: realtimestt - DEBUG - Receive from parent_transcription_pipe after sendiung transcription request, transcribe_count: 1
2026-05-22 00:00:11.050 - RealTimeSTT: realtimestt - DEBUG - Receive from parent_transcription_pipe after sendiung transcription request, transcribe_count: 1
2026-05-22 00:00:11.159 - RealTimeSTT: realtimestt - DEBUG - Receive from parent_transcription_pipe after sendiung transcription request, transcribe_count: 1
2026-05-22 00:00:11.268 - RealTimeSTT: realtimestt - DEBUG - Receive from parent_transcription_pipe after sendiung transcription request, transcribe_count: 1
2026-05-22 00:00:11.378 - RealTimeSTT: realtimestt - DEBUG - Receive from parent_transcription_pipe after sendiung transcription request, transcribe_count: 1
2026-05-22 00:00:11.487 - RealTimeSTT: realtimestt - DEBUG - Receive from parent_transcription_pipe after sendiung transcription request, transcribe_count: 1
2026-05-22 00:00:11.597 - RealTimeSTT: realtimestt - DEBUG - Receive from parent_transcription_pipe after sendiung transcription request, transcribe_count: 1
2026-05-22 00:00:11.708 - RealTimeSTT: realtimestt - DEBUG - Receive from parent_transcription_pipe after sendiung transcription request, transcribe_count: 1
2026-05-22 00:00:11.817 - RealTimeSTT: realtimestt - DEBUG - Receive from parent_transcription_pipe after sendiung transcription request, transcribe_count: 1
2026-05-22 00:00:11.928 - RealTimeSTT: realtimestt - DEBUG - Receive from parent_transcription_pipe after sendiung transcription request, transcribe_count: 1
2026-05-22 00:00:12.036 - RealTimeSTT: realtimestt - DEBUG - Receive from parent_transcription_pipe after sendiung transcription request, transcribe_count: 1
2026-05-22 00:00:12.147 - RealTimeSTT: realtimestt - DEBUG - Receive from parent_transcription_pipe after sendiung transcription request, transcribe_count: 1
2026-05-22 00:00:12.257 - RealTimeSTT: realtimestt - DEBUG - Receive from parent_transcription_pipe after sendiung transcription request, transcribe_count: 1
2026-05-22 00:00:12.367 - RealTimeSTT: realtimestt - DEBUG - Receive from parent_transcription_pipe after sendiung transcription request, transcribe_count: 1
2026-05-22 00:00:12.476 - RealTimeSTT: realtimestt - DEBUG - Receive from parent_transcription_pipe after sendiung transcription request, transcribe_count: 1
2026-05-22 00:00:12.585 - RealTimeSTT: realtimestt - DEBUG - Receive from parent_transcription_pipe after sendiung transcription request, transcribe_count: 1
2026-05-22 00:00:12.694 - RealTimeSTT: realtimestt - DEBUG - Receive from parent_transcription_pipe after sendiung transcription request, transcribe_count: 1
2026-05-22 00:00:12.804 - RealTimeSTT: realtimestt - DEBUG - Receive from parent_transcription_pipe after sendiung transcription request, transcribe_count: 1
2026-05-22 00:00:12.914 - RealTimeSTT: realtimestt - DEBUG - Receive from parent_transcription_pipe after sendiung transcription request, transcribe_count: 1
2026-05-22 00:00:13.024 - RealTimeSTT: realtimestt - DEBUG - Receive from parent_transcription_pipe after sendiung transcription request, transcribe_count: 1
2026-05-22 00:00:13.134 - RealTimeSTT: realtimestt - DEBUG - Receive from parent_transcription_pipe after sendiung transcription request, transcribe_count: 1
2026-05-22 00:00:13.244 - RealTimeSTT: realtimestt - DEBUG - Receive from parent_transcription_pipe after sendiung transcription request, transcribe_count: 1
2026-05-22 00:00:13.354 - RealTimeSTT: realtimestt - DEBUG - Receive from parent_transcription_pipe after sendiung transcription request, transcribe_count: 1
2026-05-22 00:00:13.464 - RealTimeSTT: realtimestt - DEBUG - Receive from parent_transcription_pipe after sendiung transcription request, transcribe_count: 1
2026-05-22 00:00:13.573 - RealTimeSTT: realtimestt - DEBUG - Receive from parent_transcription_pipe after sendiung transcription request, transcribe_count: 1
2026-05-22 00:00:13.682 - RealTimeSTT: realtimestt - DEBUG - Receive from parent_transcription_pipe after sendiung transcription request, transcribe_count: 1
2026-05-22 00:00:13.790 - RealTimeSTT: realtimestt - DEBUG - Receive from parent_transcription_pipe after sendiung transcription request, transcribe_count: 1
2026-05-22 00:00:13.899 - RealTimeSTT: realtimestt - DEBUG - Receive from parent_transcription_pipe after sendiung transcription request, transcribe_count: 1
2026-05-22 00:00:14.009 - RealTimeSTT: realtimestt - DEBUG - Receive from parent_transcription_pipe after sendiung transcription request, transcribe_count: 1
2026-05-22 00:00:14.117 - RealTimeSTT: realtimestt - DEBUG - Receive from parent_transcription_pipe after sendiung transcription request, transcribe_count: 1
2026-05-22 00:00:14.226 - RealTimeSTT: realtimestt - DEBUG - Receive from parent_transcription_pipe after sendiung transcription request, transcribe_count: 1
2026-05-22 00:00:14.336 - RealTimeSTT: realtimestt - DEBUG - Receive from parent_transcription_pipe after sendiung transcription request, transcribe_count: 1
2026-05-22 00:00:14.448 - RealTimeSTT: realtimestt - DEBUG - Receive from parent_transcription_pipe after sendiung transcription request, transcribe_count: 1
2026-05-22 00:00:14.556 - RealTimeSTT: realtimestt - DEBUG - Receive from parent_transcription_pipe after sendiung transcription request, transcribe_count: 1
2026-05-22 00:00:14.559 - RealTimeSTT: realtimestt - INFO - State changed from 'transcribing' to 'inactive'
2026-05-22 00:00:14.562 - RealTimeSTT: realtimestt - DEBUG - Model small completed transcription in 3.74 seconds
2026-05-22 00:00:14.563 - RealTimeSTT: realtimestt - INFO - Setting listen time
2026-05-22 00:00:14.563 - RealTimeSTT: realtimestt - INFO - State changed from 'inactive' to 'listening'
2026-05-22 00:00:14.563 - RealTimeSTT: realtimestt - DEBUG - Waiting for recording start
2026-05-22 00:00:37.171 - RealTimeSTT: realtimestt - INFO - voice activity detected
2026-05-22 00:00:37.172 - RealTimeSTT: realtimestt - INFO - recording started
2026-05-22 00:00:37.172 - RealTimeSTT: realtimestt - INFO - State changed from 'listening' to 'recording'
2026-05-22 00:00:37.173 - RealTimeSTT: realtimestt - DEBUG - Waiting for recording stop
2026-05-22 00:00:38.326 - RealTimeSTT: realtimestt - INFO - recording stopped
2026-05-22 00:00:38.327 - RealTimeSTT: realtimestt - DEBUG - No samples removed, final audio length: 34816
2026-05-22 00:00:38.328 - RealTimeSTT: realtimestt - INFO - State changed from 'recording' to 'inactive'
2026-05-22 00:00:38.328 - RealTimeSTT: realtimestt - INFO - State changed from 'inactive' to 'transcribing'
2026-05-22 00:00:38.328 - RealTimeSTT: realtimestt - DEBUG - Adding transcription request, no early transcription started
2026-05-22 00:00:38.332 - RealTimeSTT: realtimestt - DEBUG - Receive from parent_transcription_pipe after sendiung transcription request, transcribe_count: 1
2026-05-22 00:00:38.434 - RealTimeSTT: realtimestt - DEBUG - Receive from parent_transcription_pipe after sendiung transcription request, transcribe_count: 1
2026-05-22 00:00:38.543 - RealTimeSTT: realtimestt - DEBUG - Receive from parent_transcription_pipe after sendiung transcription request, transcribe_count: 1
2026-05-22 00:00:38.653 - RealTimeSTT: realtimestt - DEBUG - Receive from parent_transcription_pipe after sendiung transcription request, transcribe_count: 1
2026-05-22 00:00:38.763 - RealTimeSTT: realtimestt - DEBUG - Receive from parent_transcription_pipe after sendiung transcription request, transcribe_count: 1
2026-05-22 00:00:38.873 - RealTimeSTT: realtimestt - DEBUG - Receive from parent_transcription_pipe after sendiung transcription request, transcribe_count: 1
2026-05-22 00:00:38.982 - RealTimeSTT: realtimestt - DEBUG - Receive from parent_transcription_pipe after sendiung transcription request, transcribe_count: 1
2026-05-22 00:00:39.093 - RealTimeSTT: realtimestt - DEBUG - Receive from parent_transcription_pipe after sendiung transcription request, transcribe_count: 1
2026-05-22 00:00:39.203 - RealTimeSTT: realtimestt - DEBUG - Receive from parent_transcription_pipe after sendiung transcription request, transcribe_count: 1
2026-05-22 00:00:39.313 - RealTimeSTT: realtimestt - DEBUG - Receive from parent_transcription_pipe after sendiung transcription request, transcribe_count: 1
2026-05-22 00:00:39.423 - RealTimeSTT: realtimestt - DEBUG - Receive from parent_transcription_pipe after sendiung transcription request, transcribe_count: 1
2026-05-22 00:00:39.534 - RealTimeSTT: realtimestt - DEBUG - Receive from parent_transcription_pipe after sendiung transcription request, transcribe_count: 1
2026-05-22 00:00:39.644 - RealTimeSTT: realtimestt - DEBUG - Receive from parent_transcription_pipe after sendiung transcription request, transcribe_count: 1
2026-05-22 00:00:39.754 - RealTimeSTT: realtimestt - DEBUG - Receive from parent_transcription_pipe after sendiung transcription request, transcribe_count: 1
2026-05-22 00:00:39.866 - RealTimeSTT: realtimestt - DEBUG - Receive from parent_transcription_pipe after sendiung transcription request, transcribe_count: 1
2026-05-22 00:00:39.975 - RealTimeSTT: realtimestt - DEBUG - Receive from parent_transcription_pipe after sendiung transcription request, transcribe_count: 1
2026-05-22 00:00:40.086 - RealTimeSTT: realtimestt - DEBUG - Receive from parent_transcription_pipe after sendiung transcription request, transcribe_count: 1
2026-05-22 00:00:40.197 - RealTimeSTT: realtimestt - DEBUG - Receive from parent_transcription_pipe after sendiung transcription request, transcribe_count: 1
2026-05-22 00:00:40.307 - RealTimeSTT: realtimestt - DEBUG - Receive from parent_transcription_pipe after sendiung transcription request, transcribe_count: 1
2026-05-22 00:00:40.417 - RealTimeSTT: realtimestt - DEBUG - Receive from parent_transcription_pipe after sendiung transcription request, transcribe_count: 1
2026-05-22 00:00:40.527 - RealTimeSTT: realtimestt - DEBUG - Receive from parent_transcription_pipe after sendiung transcription request, transcribe_count: 1
2026-05-22 00:00:40.639 - RealTimeSTT: realtimestt - DEBUG - Receive from parent_transcription_pipe after sendiung transcription request, transcribe_count: 1
2026-05-22 00:00:40.749 - RealTimeSTT: realtimestt - DEBUG - Receive from parent_transcription_pipe after sendiung transcription request, transcribe_count: 1
2026-05-22 00:00:40.858 - RealTimeSTT: realtimestt - DEBUG - Receive from parent_transcription_pipe after sendiung transcription request, transcribe_count: 1
2026-05-22 00:00:40.968 - RealTimeSTT: realtimestt - DEBUG - Receive from parent_transcription_pipe after sendiung transcription request, transcribe_count: 1
2026-05-22 00:00:41.077 - RealTimeSTT: realtimestt - DEBUG - Receive from parent_transcription_pipe after sendiung transcription request, transcribe_count: 1
2026-05-22 00:00:41.185 - RealTimeSTT: realtimestt - DEBUG - Receive from parent_transcription_pipe after sendiung transcription request, transcribe_count: 1
2026-05-22 00:00:41.296 - RealTimeSTT: realtimestt - DEBUG - Receive from parent_transcription_pipe after sendiung transcription request, transcribe_count: 1
2026-05-22 00:00:41.384 - RealTimeSTT: realtimestt - INFO - State changed from 'transcribing' to 'inactive'
2026-05-22 00:00:41.385 - RealTimeSTT: realtimestt - DEBUG - Model small completed transcription in 3.06 seconds
2026-05-22 00:00:41.386 - RealTimeSTT: realtimestt - INFO - Setting listen time
2026-05-22 00:00:41.386 - RealTimeSTT: realtimestt - INFO - State changed from 'inactive' to 'listening'
2026-05-22 00:00:41.386 - RealTimeSTT: realtimestt - DEBUG - Waiting for recording start
2026-05-22 00:00:45.243 - RealTimeSTT: realtimestt - INFO - voice activity detected
2026-05-22 00:00:45.243 - RealTimeSTT: realtimestt - INFO - recording started
2026-05-22 00:00:45.243 - RealTimeSTT: realtimestt - INFO - State changed from 'listening' to 'recording'
2026-05-22 00:00:45.243 - RealTimeSTT: realtimestt - DEBUG - Waiting for recording stop
2026-05-22 00:00:47.484 - RealTimeSTT: realtimestt - INFO - recording stopped
2026-05-22 00:00:47.487 - RealTimeSTT: realtimestt - DEBUG - No samples removed, final audio length: 52224
2026-05-22 00:00:47.487 - RealTimeSTT: realtimestt - INFO - State changed from 'recording' to 'inactive'
2026-05-22 00:00:47.487 - RealTimeSTT: realtimestt - INFO - State changed from 'inactive' to 'transcribing'
2026-05-22 00:00:47.487 - RealTimeSTT: realtimestt - DEBUG - Adding transcription request, no early transcription started
2026-05-22 00:00:47.489 - RealTimeSTT: realtimestt - DEBUG - Receive from parent_transcription_pipe after sendiung transcription request, transcribe_count: 1
2026-05-22 00:00:47.591 - RealTimeSTT: realtimestt - DEBUG - Receive from parent_transcription_pipe after sendiung transcription request, transcribe_count: 1
2026-05-22 00:00:47.702 - RealTimeSTT: realtimestt - DEBUG - Receive from parent_transcription_pipe after sendiung transcription request, transcribe_count: 1
2026-05-22 00:00:47.813 - RealTimeSTT: realtimestt - DEBUG - Receive from parent_transcription_pipe after sendiung transcription request, transcribe_count: 1
2026-05-22 00:00:47.921 - RealTimeSTT: realtimestt - DEBUG - Receive from parent_transcription_pipe after sendiung transcription request, transcribe_count: 1
2026-05-22 00:00:48.028 - RealTimeSTT: realtimestt - DEBUG - Receive from parent_transcription_pipe after sendiung transcription request, transcribe_count: 1
2026-05-22 00:00:48.138 - RealTimeSTT: realtimestt - DEBUG - Receive from parent_transcription_pipe after sendiung transcription request, transcribe_count: 1
2026-05-22 00:00:48.248 - RealTimeSTT: realtimestt - DEBUG - Receive from parent_transcription_pipe after sendiung transcription request, transcribe_count: 1
2026-05-22 00:00:48.357 - RealTimeSTT: realtimestt - DEBUG - Receive from parent_transcription_pipe after sendiung transcription request, transcribe_count: 1
2026-05-22 00:00:48.465 - RealTimeSTT: realtimestt - DEBUG - Receive from parent_transcription_pipe after sendiung transcription request, transcribe_count: 1
2026-05-22 00:00:48.573 - RealTimeSTT: realtimestt - DEBUG - Receive from parent_transcription_pipe after sendiung transcription request, transcribe_count: 1
2026-05-22 00:00:48.683 - RealTimeSTT: realtimestt - DEBUG - Receive from parent_transcription_pipe after sendiung transcription request, transcribe_count: 1
2026-05-22 00:00:48.790 - RealTimeSTT: realtimestt - DEBUG - Receive from parent_transcription_pipe after sendiung transcription request, transcribe_count: 1
2026-05-22 00:00:48.899 - RealTimeSTT: realtimestt - DEBUG - Receive from parent_transcription_pipe after sendiung transcription request, transcribe_count: 1
2026-05-22 00:00:48.900 - RealTimeSTT: realtimestt - INFO - voice activity detected
2026-05-22 00:00:48.900 - RealTimeSTT: realtimestt - INFO - recording started
2026-05-22 00:00:48.900 - RealTimeSTT: realtimestt - INFO - State changed from 'transcribing' to 'recording'
2026-05-22 00:00:49.009 - RealTimeSTT: realtimestt - DEBUG - Receive from parent_transcription_pipe after sendiung transcription request, transcribe_count: 1
2026-05-22 00:00:49.118 - RealTimeSTT: realtimestt - DEBUG - Receive from parent_transcription_pipe after sendiung transcription request, transcribe_count: 1
2026-05-22 00:00:49.227 - RealTimeSTT: realtimestt - DEBUG - Receive from parent_transcription_pipe after sendiung transcription request, transcribe_count: 1
2026-05-22 00:00:49.336 - RealTimeSTT: realtimestt - DEBUG - Receive from parent_transcription_pipe after sendiung transcription request, transcribe_count: 1
2026-05-22 00:00:49.446 - RealTimeSTT: realtimestt - DEBUG - Receive from parent_transcription_pipe after sendiung transcription request, transcribe_count: 1
2026-05-22 00:00:49.557 - RealTimeSTT: realtimestt - DEBUG - Receive from parent_transcription_pipe after sendiung transcription request, transcribe_count: 1
2026-05-22 00:00:49.665 - RealTimeSTT: realtimestt - DEBUG - Receive from parent_transcription_pipe after sendiung transcription request, transcribe_count: 1
2026-05-22 00:00:49.774 - RealTimeSTT: realtimestt - DEBUG - Receive from parent_transcription_pipe after sendiung transcription request, transcribe_count: 1
2026-05-22 00:00:49.884 - RealTimeSTT: realtimestt - DEBUG - Receive from parent_transcription_pipe after sendiung transcription request, transcribe_count: 1
2026-05-22 00:00:49.994 - RealTimeSTT: realtimestt - DEBUG - Receive from parent_transcription_pipe after sendiung transcription request, transcribe_count: 1
2026-05-22 00:00:50.104 - RealTimeSTT: realtimestt - DEBUG - Receive from parent_transcription_pipe after sendiung transcription request, transcribe_count: 1
2026-05-22 00:00:50.104 - RealTimeSTT: realtimestt - INFO - recording stopped
2026-05-22 00:00:50.215 - RealTimeSTT: realtimestt - DEBUG - Receive from parent_transcription_pipe after sendiung transcription request, transcribe_count: 1
2026-05-22 00:00:50.325 - RealTimeSTT: realtimestt - DEBUG - Receive from parent_transcription_pipe after sendiung transcription request, transcribe_count: 1
2026-05-22 00:00:50.436 - RealTimeSTT: realtimestt - DEBUG - Receive from parent_transcription_pipe after sendiung transcription request, transcribe_count: 1
2026-05-22 00:00:50.544 - RealTimeSTT: realtimestt - DEBUG - Receive from parent_transcription_pipe after sendiung transcription request, transcribe_count: 1
2026-05-22 00:00:50.652 - RealTimeSTT: realtimestt - DEBUG - Receive from parent_transcription_pipe after sendiung transcription request, transcribe_count: 1
2026-05-22 00:00:50.763 - RealTimeSTT: realtimestt - DEBUG - Receive from parent_transcription_pipe after sendiung transcription request, transcribe_count: 1
2026-05-22 00:00:50.823 - RealTimeSTT: realtimestt - INFO - State changed from 'recording' to 'inactive'
2026-05-22 00:00:50.824 - RealTimeSTT: realtimestt - DEBUG - Model small completed transcription in 3.34 seconds
2026-05-22 00:00:50.825 - RealTimeSTT: realtimestt - INFO - Setting listen time
2026-05-22 00:00:50.825 - RealTimeSTT: realtimestt - DEBUG - No samples removed, final audio length: 35840
2026-05-22 00:00:50.826 - RealTimeSTT: realtimestt - INFO - State changed from 'inactive' to 'transcribing'
2026-05-22 00:00:50.826 - RealTimeSTT: realtimestt - DEBUG - Adding transcription request, no early transcription started
2026-05-22 00:00:50.845 - RealTimeSTT: realtimestt - DEBUG - Receive from parent_transcription_pipe after sendiung transcription request, transcribe_count: 1
2026-05-22 00:00:50.949 - RealTimeSTT: realtimestt - DEBUG - Receive from parent_transcription_pipe after sendiung transcription request, transcribe_count: 1
2026-05-22 00:00:51.058 - RealTimeSTT: realtimestt - DEBUG - Receive from parent_transcription_pipe after sendiung transcription request, transcribe_count: 1
2026-05-22 00:00:51.168 - RealTimeSTT: realtimestt - DEBUG - Receive from parent_transcription_pipe after sendiung transcription request, transcribe_count: 1
2026-05-22 00:00:51.278 - RealTimeSTT: realtimestt - DEBUG - Receive from parent_transcription_pipe after sendiung transcription request, transcribe_count: 1
2026-05-22 00:00:51.385 - RealTimeSTT: realtimestt - DEBUG - Receive from parent_transcription_pipe after sendiung transcription request, transcribe_count: 1
2026-05-22 00:00:51.495 - RealTimeSTT: realtimestt - DEBUG - Receive from parent_transcription_pipe after sendiung transcription request, transcribe_count: 1
2026-05-22 00:00:51.605 - RealTimeSTT: realtimestt - DEBUG - Receive from parent_transcription_pipe after sendiung transcription request, transcribe_count: 1
2026-05-22 00:00:51.714 - RealTimeSTT: realtimestt - DEBUG - Receive from parent_transcription_pipe after sendiung transcription request, transcribe_count: 1
2026-05-22 00:00:51.825 - RealTimeSTT: realtimestt - DEBUG - Receive from parent_transcription_pipe after sendiung transcription request, transcribe_count: 1
2026-05-22 00:00:51.936 - RealTimeSTT: realtimestt - DEBUG - Receive from parent_transcription_pipe after sendiung transcription request, transcribe_count: 1
2026-05-22 00:00:52.047 - RealTimeSTT: realtimestt - DEBUG - Receive from parent_transcription_pipe after sendiung transcription request, transcribe_count: 1
